ID da viagem,Data,Hora,Linha de ônibus,Número de passageiros,Tipo de veículo,Localização de partida,Localização de chegada,Tempo de viagem (minutos),Custo da viagem (R$)
1,2023-06-01,09:31,Linha 505,106,Elétrico,Zona Leste,Zona Oeste,47,4.44
2,2023-04-25,13:44,Linha 303,15,Micro-ônibus,Zona Sul,Zona Sul,72,4.05
3,2023-12-17,10:33,Linha 101,95,Articulado,Zona Leste,Zona Oeste,60,6.15
4,2023-09-08,07:15,Linha 303,102,Micro-ônibus,Zona Sul,Zona Leste,80,4.92
5,2023-12-12,17:19,Linha 101,127,Ônibus convencional,Zona Sul,Zona Norte,56,4.7
6,2023-04-10,10:19,Linha 202,98,Ônibus convencional,Zona Norte,Zona Norte,70,3.88
7,2023-02-23,13:10,Linha 101,107,Elétrico,Zona Oeste,Zona Norte,31,6.68
8,2023-05-01,12:50,Linha 101,88,Micro-ônibus,Zona Oeste,Centro,73,6.8
9,2023-12-10,17:03,Linha 101,48,Micro-ônibus,Zona Norte,Zona Oeste,73,6.28
10,2023-09-16,14:17,Linha 303,49,Ônibus convencional,Zona Leste,Zona Oeste,54,4.17
11,2023-03-16,07:05,Linha 404,87,Ônibus convencional,Zona Sul,Centro,90,7.34
12,2023-04-24,19:15,Linha 303,82,Micro-ônibus,Zona Sul,Zona Leste,79,3.63
13,2023-05-26,09:08,Linha 202,115,Articulado,Zona Leste,Zona Norte,45,4.91
14,2023-08-14,16:24,Linha 303,7,Micro-ônibus,Zona Oeste,Zona Leste,33,4.35
15,2023-12-23,08:53,Linha 404,79,Micro-ônibus,Zona Norte,Zona Leste,51,3.8
16,2023-03-29,14:29,Linha 202,82,Articulado,Zona Sul,Zona Leste,19,5.06
17,2023-04-22,18:27,Linha 303,12,Articulado,Zona Sul,Centro,47,4.67
18,2023-09-26,08:00,Linha 101,93,Micro-ônibus,Zona Sul,Zona Norte,75,4.87
19,2023-01-30,13:29,Linha 404,119,Elétrico,Centro,Zona Norte,32,6.71
20,2023-08-02,18:11,Linha 101,63,Elétrico,Zona Oeste,Zona Leste,18,7.29
21,2023-02-04,14:36,Linha 505,29,Micro-ônibus,Zona Norte,Centro,87,5.55
22,2023-07-07,18:02,Linha 505,139,Micro-ônibus,Centro,Zona Norte,25,5.62
23,2023-08-31,19:25,Linha 101,85,Ônibus convencional,Zona Oeste,Zona Sul,88,4.48
24,2023-03-20,21:28,Linha 202,73,Elétrico,Zona Sul,Zona Oeste,59,4.59
25,2023-06-24,16:29,Linha 505,23,Elétrico,Zona Sul,Centro,78,5.36
26,2023-03-16,16:37,Linha 404,87,Elétrico,Zona Leste,Zona Leste,58,5.4
27,2023-03-07,20:30,Linha 101,111,Elétrico,Zona Oeste,Zona Sul,67,7.32
28,2023-08-10,15:17,Linha 101,138,Micro-ônibus,Zona Oeste,Zona Leste,78,5.1
29,2023-09-06,15:26,Linha 202,109,Elétrico,Zona Norte,Zona Norte,13,5.08
30,2023-12-24,08:05,Linha 202,51,Elétrico,Zona Norte,Zona Sul,60,5.61
31,2023-11-17,19:59,Linha 505,110,Ônibus convencional,Zona Leste,Centro,90,6.08
32,2023-06-24,17:24,Linha 202,89,Articulado,Zona Leste,Zona Leste,14,5.98
33,2023-12-26,19:52,Linha 202,34,Articulado,Zona Norte,Centro,62,5.1
34,2023-03-11,11:22,Linha 404,80,Ônibus convencional,Zona Norte,Zona Norte,60,5.73
35,2023-05-22,15:49,Linha 101,23,Articulado,Zona Leste,Zona Leste,63,5.67
36,2023-02-09,06:51,Linha 303,122,Articulado,Zona Norte,Centro,63,5.76
37,2023-11-12,18:18,Linha 202,125,Ônibus convencional,Zona Sul,Zona Sul,12,6.26
38,2023-12-19,16:33,Linha 505,67,Micro-ônibus,Zona Norte,Zona Sul,77,5.36
39,2023-12-17,21:03,Linha 404,24,Ônibus convencional,Zona Leste,Zona Leste,51,4.97
40,2023-12-07,10:31,Linha 202,95,Micro-ônibus,Zona Oeste,Zona Oeste,33,3.92
41,2023-06-11,11:44,Linha 404,109,Micro-ônibus,Zona Oeste,Zona Oeste,43,5.07
42,2023-06-05,13:35,Linha 202,64,Articulado,Centro,Zona Oeste,77,5.44
43,2023-11-04,06:39,Linha 505,141,Articulado,Zona Sul,Zona Leste,67,5.62
44,2023-06-25,09:08,Linha 404,21,Articulado,Centro,Zona Leste,87,5.51
45,2023-02-08,09:06,Linha 303,135,Articulado,Zona Norte,Zona Sul,36,5.03
46,2023-10-17,15:54,Linha 505,66,Ônibus convencional,Zona Leste,Zona Leste,34,5.53
47,2023-04-29,22:05,Linha 404,91,Elétrico,Zona Leste,Zona Sul,39,6.5
48,2023-03-09,16:12,Linha 202,68,Ônibus convencional,Zona Oeste,Zona Norte,20,6.84
49,2023-05-27,08:41,Linha 404,32,Ônibus convencional,Zona Norte,Zona Oeste,61,4.82
50,2023-02-17,14:38,Linha 202,108,Ônibus convencional,Zona Sul,Centro,35,3.79
51,2023-10-16,21:21,Linha 303,21,Ônibus convencional,Zona Leste,Zona Sul,52,6.4
52,2023-08-25,14:36,Linha 505,133,Micro-ônibus,Zona Sul,Zona Oeste,12,5.84
53,2023-11-13,07:11,Linha 303,116,Ônibus convencional,Zona Sul,Centro,17,7.32
54,2023-02-03,11:38,Linha 202,83,Elétrico,Centro,Zona Oeste,33,5.56
55,2023-04-09,19:52,Linha 202,55,Ônibus convencional,Zona Leste,Zona Sul,25,6.04
56,2023-12-18,12:02,Linha 303,105,Ônibus convencional,Zona Oeste,Zona Oeste,76,6.71
57,2023-05-30,17:45,Linha 303,30,Elétrico,Zona Leste,Zona Norte,20,5.93
58,2023-06-16,09:38,Linha 303,65,Micro-ônibus,Zona Norte,Zona Oeste,62,3.59
59,2023-12-28,16:09,Linha 101,112,Elétrico,Centro,Zona Oeste,67,6.22
60,2023-09-21,19:08,Linha 505,36,Micro-ônibus,Zona Norte,Zona Norte,28,5.07
61,2023-12-29,19:47,Linha 505,92,Elétrico,Centro,Zona Oeste,85,6.73
62,2023-05-16,19:48,Linha 101,85,Ônibus convencional,Zona Leste,Centro,43,3.92
63,2023-12-24,07:32,Linha 404,25,Elétrico,Centro,Zona Oeste,58,6.61
64,2023-03-31,12:09,Linha 505,65,Ônibus convencional,Zona Oeste,Zona Leste,90,4.89
65,2023-07-29,16:06,Linha 404,62,Elétrico,Centro,Zona Sul,55,5.8
66,2023-02-07,19:35,Linha 101,149,Micro-ônibus,Zona Sul,Zona Leste,35,4.59
67,2023-09-02,22:42,Linha 404,145,Elétrico,Zona Sul,Zona Norte,37,4.78
68,2023-08-24,13:29,Linha 202,81,Micro-ônibus,Zona Sul,Zona Oeste,66,7.19
69,2023-10-11,20:57,Linha 404,133,Articulado,Centro,Zona Sul,82,6.29
70,2023-09-25,18:50,Linha 404,21,Elétrico,Centro,Zona Sul,21,5.51
71,2023-08-30,07:49,Linha 303,41,Ônibus convencional,Centro,Zona Oeste,51,6.43
72,2023-01-13,14:25,Linha 404,45,Micro-ônibus,Zona Leste,Zona Norte,10,5.06
73,2023-10-23,14:30,Linha 202,133,Micro-ônibus,Zona Sul,Zona Norte,14,6.15
74,2023-01-16,09:45,Linha 303,41,Elétrico,Zona Leste,Zona Oeste,62,3.81
75,2023-01-13,18:13,Linha 505,105,Articulado,Zona Leste,Centro,36,5.84
76,2023-03-31,11:25,Linha 202,110,Micro-ônibus,Zona Sul,Zona Oeste,15,4.16
77,2023-09-19,15:58,Linha 101,138,Micro-ônibus,Zona Leste,Zona Sul,34,6.84
78,2023-11-16,15:57,Linha 101,36,Micro-ônibus,Zona Norte,Zona Leste,24,6.54
79,2023-08-25,15:22,Linha 202,33,Ônibus convencional,Zona Norte,Zona Oeste,21,5.0
80,2023-11-19,12:06,Linha 202,99,Elétrico,Zona Norte,Zona Norte,44,6.63
81,2023-09-17,15:11,Linha 404,9,Articulado,Zona Norte,Zona Leste,77,6.18
82,2023-07-08,09:14,Linha 404,77,Micro-ônibus,Zona Oeste,Zona Leste,33,6.83
83,2023-03-04,13:06,Linha 202,23,Ônibus convencional,Zona Norte,Zona Leste,20,7.28
84,2023-08-25,16:53,Linha 404,6,Elétrico,Centro,Zona Oeste,62,7.19
85,2023-11-18,12:45,Linha 404,48,Ônibus convencional,Zona Sul,Zona Norte,57,5.14
86,2023-03-01,12:09,Linha 101,103,Micro-ônibus,Zona Oeste,Centro,66,5.69
87,2023-06-01,17:59,Linha 404,148,Micro-ônibus,Zona Leste,Centro,20,5.03
88,2023-02-03,13:59,Linha 303,110,Articulado,Zona Sul,Zona Sul,18,7.3
89,2023-09-20,20:17,Linha 101,68,Articulado,Centro,Zona Leste,43,4.18
90,2023-06-29,08:34,Linha 404,13,Elétrico,Zona Sul,Zona Leste,76,6.01
91,2023-06-07,15:35,Linha 404,39,Ônibus convencional,Zona Leste,Zona Sul,86,3.64
92,2023-11-21,11:54,Linha 101,89,Ônibus convencional,Zona Leste,Centro,40,4.43
93,2023-04-11,11:15,Linha 202,5,Elétrico,Zona Leste,Zona Oeste,70,6.67
94,2023-07-29,21:46,Linha 202,50,Micro-ônibus,Zona Sul,Zona Sul,84,7.1
95,2023-04-13,22:55,Linha 404,100,Ônibus convencional,Zona Oeste,Zona Sul,15,6.45
96,2023-01-26,12:11,Linha 404,104,Ônibus convencional,Centro,Zona Oeste,42,5.13
97,2023-08-26,17:12,Linha 404,101,Elétrico,Zona Oeste,Zona Norte,33,4.28
98,2023-12-21,12:03,Linha 404,62,Micro-ônibus,Centro,Centro,54,3.99
99,2023-02-06,05:16,Linha 202,124,Articulado,Centro,Centro,32,4.31
100,2023-10-12,21:52,Linha 505,147,Micro-ônibus,Centro,Centro,25,5.84
101,2023-01-29,14:34,Linha 303,54,Elétrico,Zona Oeste,Zona Norte,65,7.23
102,2023-12-26,09:28,Linha 202,70,Micro-ônibus,Zona Sul,Zona Sul,33,4.15
103,2023-12-13,06:31,Linha 303,141,Articulado,Centro,Zona Leste,19,5.35
104,2023-01-12,09:27,Linha 505,42,Articulado,Zona Oeste,Centro,48,5.7
105,2023-04-05,10:35,Linha 202,138,Elétrico,Centro,Centro,90,5.5
106,2023-05-10,17:28,Linha 202,31,Elétrico,Zona Sul,Zona Oeste,16,7.01
107,2023-02-25,11:55,Linha 303,13,Elétrico,Centro,Zona Oeste,36,3.76
108,2023-04-25,14:45,Linha 101,72,Articulado,Zona Sul,Zona Leste,16,5.67
109,2023-09-10,13:13,Linha 101,8,Ônibus convencional,Zona Norte,Zona Sul,56,7.16
110,2023-07-15,08:31,Linha 404,48,Elétrico,Zona Oeste,Zona Leste,36,5.41
111,2023-08-30,07:22,Linha 101,120,Elétrico,Zona Sul,Zona Sul,26,5.67
112,2023-11-25,11:38,Linha 303,53,Micro-ônibus,Zona Sul,Centro,64,5.45
113,2023-12-30,13:01,Linha 505,128,Elétrico,Zona Oeste,Zona Norte,40,6.18
114,2023-10-17,08:06,Linha 101,132,Articulado,Centro,Zona Norte,11,6.26
115,2023-11-12,13:07,Linha 404,57,Ônibus convencional,Zona Norte,Centro,72,4.18
116,2023-12-04,09:17,Linha 404,77,Ônibus convencional,Centro,Zona Oeste,53,7.38
117,2023-02-26,12:12,Linha 505,67,Articulado,Zona Norte,Zona Oeste,73,5.69
118,2023-06-07,17:34,Linha 505,123,Elétrico,Zona Sul,Zona Sul,47,6.51
119,2023-10-04,15:09,Linha 404,74,Articulado,Zona Norte,Zona Leste,79,4.28
120,2023-12-08,11:59,Linha 303,128,Micro-ônibus,Centro,Centro,41,7.26
121,2023-05-25,16:05,Linha 303,11,Micro-ônibus,Centro,Zona Norte,86,6.14
122,2023-04-23,16:42,Linha 202,103,Elétrico,Zona Oeste,Zona Sul,33,5.35
123,2023-08-17,07:09,Linha 303,22,Elétrico,Zona Oeste,Zona Norte,14,3.81
124,2023-06-26,10:57,Linha 303,62,Micro-ônibus,Zona Norte,Centro,29,6.46
125,2023-03-10,20:48,Linha 303,73,Elétrico,Zona Norte,Zona Sul,71,4.99
126,2023-09-08,12:22,Linha 505,67,Micro-ônibus,Centro,Zona Norte,59,7.15
127,2023-12-04,08:04,Linha 303,135,Elétrico,Centro,Zona Leste,57,6.78
128,2023-11-25,15:27,Linha 303,82,Articulado,Zona Sul,Zona Oeste,39,6.53
129,2023-02-06,12:09,Linha 202,81,Ônibus convencional,Zona Sul,Zona Norte,37,6.59
130,2023-09-29,10:18,Linha 505,21,Articulado,Zona Sul,Zona Norte,38,6.33
131,2023-12-29,18:32,Linha 202,56,Ônibus convencional,Zona Norte,Zona Norte,50,4.39
132,2023-03-18,17:12,Linha 101,16,Elétrico,Centro,Zona Oeste,74,5.67
133,2023-08-12,06:05,Linha 404,139,Ônibus convencional,Zona Sul,Zona Norte,82,4.97
134,2023-08-19,20:14,Linha 202,14,Micro-ônibus,Zona Norte,Zona Oeste,57,5.34
135,2023-11-06,11:48,Linha 303,78,Micro-ônibus,Zona Leste,Centro,36,5.07
136,2023-11-11,08:52,Linha 505,84,Elétrico,Centro,Zona Leste,20,6.39
137,2023-10-24,20:45,Linha 505,115,Ônibus convencional,Zona Leste,Zona Norte,26,6.48
138,2023-12-06,07:28,Linha 505,53,Elétrico,Zona Leste,Zona Sul,66,3.63
139,2023-03-26,20:51,Linha 303,56,Ônibus convencional,Zona Leste,Zona Sul,35,5.76
140,2023-05-04,10:42,Linha 101,94,Micro-ônibus,Zona Leste,Zona Leste,63,5.49
141,2023-09-24,21:57,Linha 202,113,Micro-ônibus,Centro,Zona Norte,54,5.2
142,2023-06-20,15:58,Linha 505,99,Micro-ônibus,Zona Sul,Centro,63,5.12
143,2023-09-28,08:02,Linha 404,69,Micro-ônibus,Zona Oeste,Zona Norte,11,7.41
144,2023-08-12,22:35,Linha 202,70,Micro-ônibus,Zona Sul,Centro,17,6.33
145,2023-02-01,22:50,Linha 404,124,Ônibus convencional,Zona Leste,Centro,36,3.56
146,2023-02-16,21:17,Linha 303,19,Micro-ônibus,Zona Norte,Zona Oeste,62,5.58
147,2023-08-28,19:56,Linha 404,106,Articulado,Centro,Centro,84,3.66
148,2023-12-15,12:02,Linha 101,37,Ônibus convencional,Zona Oeste,Centro,53,6.24
149,2023-08-31,14:24,Linha 303,133,Micro-ônibus,Zona Norte,Centro,23,5.92
150,2023-02-03,11:01,Linha 202,136,Articulado,Zona Sul,Centro,76,3.6
151,2023-12-29,05:01,Linha 303,84,Elétrico,Centro,Zona Sul,19,6.2
152,2023-07-07,21:44,Linha 303,76,Articulado,Centro,Zona Sul,30,6.29
153,2023-07-25,13:25,Linha 202,70,Articulado,Zona Sul,Zona Oeste,22,6.56
154,2023-11-07,09:58,Linha 505,126,Micro-ônibus,Zona Oeste,Centro,65,7.18
155,2023-06-17,07:46,Linha 303,38,Micro-ônibus,Zona Oeste,Zona Oeste,79,3.96
156,2023-11-07,11:55,Linha 101,69,Elétrico,Zona Leste,Centro,54,5.38
157,2023-02-26,10:36,Linha 303,31,Micro-ônibus,Centro,Zona Norte,53,4.04
158,2023-04-23,22:39,Linha 505,69,Micro-ônibus,Zona Norte,Zona Leste,71,6.85
159,2023-05-04,08:28,Linha 303,40,Ônibus convencional,Zona Leste,Zona Norte,83,5.5
160,2023-08-10,21:05,Linha 303,116,Ônibus convencional,Zona Leste,Centro,55,3.71
161,2023-12-07,10:43,Linha 101,88,Micro-ônibus,Zona Leste,Zona Leste,89,5.61
162,2023-08-13,16:37,Linha 303,24,Micro-ônibus,Centro,Zona Norte,64,7.01
163,2023-07-27,08:42,Linha 505,138,Micro-ônibus,Zona Oeste,Zona Oeste,80,5.51
164,2023-08-15,15:45,Linha 303,147,Elétrico,Zona Leste,Centro,54,6.34
165,2023-08-19,16:14,Linha 202,57,Articulado,Zona Oeste,Centro,77,5.68
166,2023-03-07,15:21,Linha 505,28,Articulado,Zona Sul,Zona Leste,87,4.47
167,2023-03-17,21:08,Linha 505,7,Micro-ônibus,Zona Norte,Centro,34,4.92
168,2023-01-23,06:32,Linha 202,94,Articulado,Zona Oeste,Zona Sul,50,4.01
169,2023-01-27,08:17,Linha 404,148,Micro-ônibus,Zona Norte,Zona Sul,83,5.88
170,2023-08-15,19:49,Linha 101,41,Ônibus convencional,Zona Oeste,Zona Sul,69,4.31
171,2023-09-27,12:11,Linha 404,14,Ônibus convencional,Zona Sul,Zona Leste,84,4.15
172,2023-09-17,11:56,Linha 404,102,Elétrico,Zona Oeste,Zona Oeste,26,5.42
173,2023-09-21,09:47,Linha 505,75,Ônibus convencional,Zona Leste,Zona Sul,82,6.04
174,2023-09-19,15:17,Linha 404,5,Articulado,Zona Oeste,Zona Leste,45,3.84
175,2023-10-04,09:21,Linha 505,113,Ônibus convencional,Zona Sul,Zona Oeste,36,4.58
176,2023-04-04,16:29,Linha 101,116,Micro-ônibus,Zona Oeste,Zona Leste,54,7.25
177,2023-12-11,09:08,Linha 101,149,Micro-ônibus,Centro,Centro,37,4.72
178,2023-11-17,11:10,Linha 101,38,Micro-ônibus,Zona Norte,Zona Oeste,61,5.85
179,2023-11-02,08:23,Linha 101,134,Ônibus convencional,Zona Oeste,Zona Oeste,17,4.77
180,2023-01-25,05:38,Linha 505,102,Ônibus convencional,Centro,Zona Norte,23,4.24
181,2023-08-29,11:19,Linha 404,122,Articulado,Zona Sul,Zona Sul,24,5.74
182,2023-07-20,19:02,Linha 202,25,Elétrico,Zona Sul,Zona Oeste,57,6.23
183,2023-09-13,15:02,Linha 101,66,Elétrico,Zona Norte,Zona Sul,67,5.76
184,2023-11-16,21:06,Linha 303,68,Articulado,Zona Sul,Zona Norte,23,4.32
185,2023-03-21,15:39,Linha 101,134,Elétrico,Zona Leste,Zona Sul,11,3.73
186,2023-02-02,18:41,Linha 303,56,Articulado,Zona Sul,Zona Oeste,29,6.84
187,2023-08-01,08:48,Linha 202,61,Micro-ônibus,Zona Norte,Zona Oeste,85,5.9
188,2023-09-30,18:17,Linha 303,148,Micro-ônibus,Zona Sul,Zona Leste,34,4.58
189,2023-06-09,13:25,Linha 202,23,Articulado,Zona Norte,Zona Norte,21,4.84
190,2023-08-20,05:02,Linha 303,75,Micro-ônibus,Zona Sul,Zona Oeste,71,4.85
191,2023-11-11,11:32,Linha 505,127,Elétrico,Zona Norte,Zona Sul,35,6.97
192,2023-01-11,19:55,Linha 404,119,Micro-ônibus,Zona Oeste,Zona Oeste,64,3.52
193,2023-07-27,05:54,Linha 101,37,Elétrico,Centro,Zona Leste,85,5.1
194,2023-05-30,20:20,Linha 404,117,Micro-ônibus,Centro,Zona Sul,67,3.77
195,2023-12-23,17:28,Linha 303,29,Articulado,Zona Oeste,Zona Oeste,38,6.22
196,2023-03-09,08:53,Linha 101,121,Micro-ônibus,Centro,Zona Sul,44,6.45
197,2023-08-29,12:40,Linha 101,80,Articulado,Zona Norte,Zona Oeste,40,4.55
198,2023-06-03,14:04,Linha 505,43,Micro-ônibus,Centro,Zona Leste,85,5.46
199,2023-07-14,22:58,Linha 202,124,Micro-ônibus,Centro,Zona Leste,64,3.7
200,2023-02-21,11:01,Linha 101,78,Elétrico,Zona Leste,Centro,24,6.11
201,2023-10-24,10:28,Linha 101,36,Elétrico,Centro,Zona Norte,77,5.49
202,2023-08-01,16:09,Linha 505,25,Articulado,Zona Sul,Zona Leste,46,5.33
203,2023-08-05,15:54,Linha 101,101,Elétrico,Zona Sul,Zona Sul,82,5.36
204,2023-06-17,12:07,Linha 303,108,Elétrico,Centro,Centro,30,3.6
205,2023-11-07,09:59,Linha 202,101,Articulado,Zona Norte,Centro,55,6.92
206,2023-01-13,11:12,Linha 303,99,Articulado,Centro,Zona Sul,90,7.29
207,2023-04-25,13:28,Linha 404,52,Ônibus convencional,Zona Oeste,Zona Oeste,65,4.87
208,2023-02-17,12:12,Linha 101,86,Elétrico,Zona Leste,Zona Sul,60,7.46
209,2023-09-26,06:25,Linha 101,65,Micro-ônibus,Centro,Zona Sul,73,3.61
210,2023-04-19,10:18,Linha 303,70,Articulado,Zona Leste,Zona Norte,49,5.57
211,2023-07-21,17:02,Linha 404,23,Ônibus convencional,Zona Norte,Zona Norte,53,6.94
212,2023-07-12,11:49,Linha 303,96,Elétrico,Zona Sul,Zona Norte,57,5.65
213,2023-10-14,05:21,Linha 303,49,Ônibus convencional,Zona Oeste,Zona Norte,12,4.63
214,2023-05-01,21:44,Linha 101,71,Micro-ônibus,Zona Leste,Zona Oeste,75,4.95
215,2023-01-22,12:48,Linha 505,93,Ônibus convencional,Zona Sul,Zona Leste,24,7.35
216,2023-04-30,09:51,Linha 505,61,Articulado,Centro,Zona Sul,40,6.54
217,2023-02-15,12:37,Linha 505,106,Articulado,Zona Leste,Zona Oeste,82,4.71
218,2023-02-16,19:24,Linha 505,134,Articulado,Zona Oeste,Centro,63,4.05
219,2023-04-08,14:57,Linha 101,12,Micro-ônibus,Zona Oeste,Zona Leste,85,4.8
220,2023-10-28,09:07,Linha 404,86,Ônibus convencional,Centro,Zona Leste,22,3.98
221,2023-08-22,12:09,Linha 404,77,Ônibus convencional,Zona Leste,Zona Oeste,64,4.7
222,2023-04-06,09:26,Linha 202,18,Ônibus convencional,Centro,Zona Norte,40,4.86
223,2023-05-05,14:15,Linha 505,111,Micro-ônibus,Centro,Zona Oeste,40,3.64
224,2023-05-18,19:54,Linha 101,93,Micro-ônibus,Zona Oeste,Zona Norte,39,5.48
225,2023-09-19,18:26,Linha 303,27,Micro-ônibus,Zona Norte,Zona Leste,70,4.23
226,2023-05-30,08:41,Linha 404,105,Elétrico,Centro,Centro,76,4.16
227,2023-09-01,15:28,Linha 505,66,Micro-ônibus,Zona Norte,Zona Leste,13,4.28
228,2023-12-03,13:11,Linha 101,32,Elétrico,Centro,Zona Sul,67,6.57
229,2023-05-19,15:03,Linha 202,25,Micro-ônibus,Zona Leste,Zona Oeste,11,7.29
230,2023-09-26,19:16,Linha 101,140,Articulado,Zona Oeste,Zona Leste,57,4.25
231,2023-07-15,13:20,Linha 303,107,Ônibus convencional,Zona Sul,Zona Sul,75,3.58
232,2023-10-08,18:46,Linha 202,54,Elétrico,Zona Sul,Centro,43,4.55
233,2023-07-10,10:37,Linha 202,135,Articulado,Centro,Zona Leste,32,4.32
234,2023-01-23,20:51,Linha 101,95,Ônibus convencional,Zona Oeste,Zona Norte,49,5.42
235,2023-06-01,07:37,Linha 505,7,Micro-ônibus,Zona Leste,Zona Norte,40,5.23
236,2023-07-24,09:04,Linha 202,126,Micro-ônibus,Centro,Centro,39,7.36
237,2023-06-17,18:29,Linha 303,100,Micro-ônibus,Centro,Zona Sul,27,5.38
238,2023-07-18,10:35,Linha 202,32,Articulado,Zona Sul,Centro,88,4.65
239,2023-09-15,07:03,Linha 101,15,Elétrico,Zona Norte,Zona Norte,57,6.07
240,2023-11-04,22:08,Linha 404,17,Ônibus convencional,Zona Norte,Centro,71,4.17
241,2023-12-19,16:12,Linha 505,53,Micro-ônibus,Zona Sul,Zona Oeste,24,5.82
242,2023-07-01,05:36,Linha 404,51,Elétrico,Zona Oeste,Zona Leste,46,4.49
243,2023-06-15,08:54,Linha 303,55,Elétrico,Centro,Zona Leste,34,6.02
244,2023-08-06,12:12,Linha 202,85,Articulado,Centro,Centro,31,7.16
245,2023-10-14,09:13,Linha 202,75,Elétrico,Zona Norte,Centro,35,6.88
246,2023-07-05,09:45,Linha 202,10,Articulado,Zona Leste,Zona Sul,52,4.49
247,2023-06-21,21:36,Linha 404,15,Ônibus convencional,Zona Sul,Zona Norte,53,3.78
248,2023-08-05,18:46,Linha 303,8,Micro-ônibus,Centro,Zona Norte,36,5.33
249,2023-09-18,22:46,Linha 505,148,Micro-ônibus,Zona Norte,Zona Sul,25,4.95
250,2023-04-24,11:34,Linha 303,63,Micro-ônibus,Zona Sul,Zona Sul,68,7.4
251,2023-12-14,06:53,Linha 505,118,Elétrico,Centro,Zona Leste,71,5.7
252,2023-10-09,15:38,Linha 101,73,Articulado,Centro,Zona Oeste,37,6.07
253,2023-07-11,18:21,Linha 404,22,Micro-ônibus,Zona Sul,Zona Norte,49,6.86
254,2023-05-27,21:02,Linha 202,73,Ônibus convencional,Zona Oeste,Zona Leste,39,5.28
255,2023-11-28,21:56,Linha 404,126,Ônibus convencional,Centro,Zona Oeste,46,7.14
256,2023-08-27,17:39,Linha 505,90,Micro-ônibus,Zona Leste,Zona Norte,37,7.32
257,2023-03-12,13:19,Linha 202,105,Ônibus convencional,Zona Oeste,Zona Norte,39,7.08
258,2023-07-16,14:29,Linha 202,25,Ônibus convencional,Zona Norte,Centro,21,6.09
259,2023-02-22,12:04,Linha 303,97,Ônibus convencional,Zona Leste,Centro,50,6.32
260,2023-11-04,22:42,Linha 101,75,Micro-ônibus,Zona Norte,Zona Oeste,79,6.51
261,2023-06-08,10:34,Linha 505,134,Elétrico,Centro,Zona Norte,37,4.93
262,2023-10-30,15:02,Linha 505,106,Articulado,Centro,Zona Leste,35,4.76
263,2023-10-18,11:13,Linha 505,145,Micro-ônibus,Zona Leste,Zona Sul,65,6.92
264,2023-02-23,06:25,Linha 505,60,Micro-ônibus,Centro,Zona Norte,78,7.01
265,2023-08-20,07:19,Linha 505,27,Articulado,Centro,Zona Leste,25,6.19
266,2023-05-26,15:02,Linha 303,24,Elétrico,Centro,Zona Oeste,85,5.92
267,2023-10-04,07:43,Linha 404,92,Ônibus convencional,Zona Sul,Centro,33,4.71
268,2023-03-29,15:30,Linha 505,150,Micro-ônibus,Zona Oeste,Centro,14,4.43
269,2023-04-08,08:43,Linha 505,150,Elétrico,Zona Sul,Centro,38,4.21
270,2023-07-12,12:26,Linha 404,74,Articulado,Zona Norte,Zona Leste,55,4.31
271,2023-07-21,08:54,Linha 303,34,Ônibus convencional,Zona Oeste,Zona Norte,31,5.12
272,2023-01-28,14:40,Linha 202,130,Articulado,Zona Sul,Centro,30,5.23
273,2023-08-07,11:02,Linha 505,32,Ônibus convencional,Zona Norte,Zona Oeste,38,3.92
274,2023-04-20,12:14,Linha 404,26,Ônibus convencional,Zona Leste,Zona Sul,40,5.47
275,2023-04-14,19:42,Linha 404,67,Micro-ônibus,Zona Oeste,Zona Sul,69,4.38
276,2023-06-16,06:07,Linha 202,61,Ônibus convencional,Zona Oeste,Zona Leste,75,5.78
277,2023-08-27,21:15,Linha 202,112,Elétrico,Zona Oeste,Zona Sul,12,6.23
278,2023-04-08,22:44,Linha 303,88,Elétrico,Zona Sul,Centro,42,3.83
279,2023-01-07,07:34,Linha 101,58,Articulado,Zona Oeste,Zona Sul,73,6.52
280,2023-03-02,21:42,Linha 202,136,Elétrico,Zona Norte,Zona Norte,20,4.48
281,2023-09-05,06:36,Linha 202,54,Elétrico,Zona Sul,Zona Sul,47,6.87
282,2023-05-21,22:20,Linha 303,90,Micro-ônibus,Zona Norte,Centro,27,3.82
283,2023-09-04,12:23,Linha 303,109,Ônibus convencional,Zona Norte,Zona Leste,37,6.78
284,2023-12-23,14:33,Linha 303,110,Ônibus convencional,Zona Leste,Zona Sul,72,4.79
285,2023-01-12,19:54,Linha 505,131,Ônibus convencional,Zona Sul,Zona Norte,47,5.01
286,2023-06-15,07:32,Linha 404,39,Articulado,Zona Oeste,Zona Norte,35,5.5
287,2023-11-16,11:20,Linha 101,131,Elétrico,Zona Sul,Zona Oeste,33,4.65
288,2023-10-19,12:38,Linha 505,125,Elétrico,Zona Sul,Zona Sul,20,5.29
289,2023-04-06,11:25,Linha 101,73,Elétrico,Zona Oeste,Zona Oeste,63,6.11
290,2023-12-04,14:05,Linha 505,129,Micro-ônibus,Centro,Zona Norte,65,5.23
291,2023-12-03,08:38,Linha 101,32,Ônibus convencional,Zona Norte,Zona Oeste,64,5.74
292,2023-09-13,06:53,Linha 303,13,Ônibus convencional,Zona Sul,Zona Sul,47,5.57
293,2023-11-16,18:03,Linha 404,5,Articulado,Centro,Zona Norte,18,7.29
294,2023-08-11,13:42,Linha 202,61,Micro-ônibus,Centro,Zona Leste,12,4.03
295,2023-02-08,20:25,Linha 505,23,Elétrico,Zona Oeste,Zona Sul,22,5.88
296,2023-06-27,14:59,Linha 202,64,Ônibus convencional,Zona Norte,Zona Sul,30,4.46
297,2023-09-03,11:56,Linha 505,106,Micro-ônibus,Zona Sul,Centro,52,7.16
298,2023-04-12,15:25,Linha 505,62,Micro-ônibus,Zona Leste,Zona Leste,30,6.46
299,2023-09-24,17:17,Linha 202,86,Micro-ônibus,Zona Sul,Zona Oeste,52,5.9
300,2023-06-13,20:44,Linha 101,124,Elétrico,Centro,Zona Sul,28,5.92
301,2023-03-15,14:43,Linha 101,17,Elétrico,Zona Leste,Zona Sul,74,3.65
302,2023-05-18,18:37,Linha 505,40,Articulado,Zona Leste,Zona Sul,65,5.73
303,2023-12-29,21:31,Linha 303,144,Micro-ônibus,Centro,Zona Oeste,23,5.61
304,2023-02-02,15:19,Linha 404,69,Elétrico,Zona Oeste,Centro,75,3.74
305,2023-09-22,13:56,Linha 101,66,Elétrico,Zona Leste,Centro,72,6.19
306,2023-12-22,18:23,Linha 505,81,Articulado,Zona Norte,Zona Norte,56,4.9
307,2023-08-03,13:59,Linha 505,108,Micro-ônibus,Centro,Zona Oeste,36,6.51
308,2023-06-10,08:26,Linha 303,81,Articulado,Zona Norte,Zona Sul,47,6.33
309,2023-07-10,17:54,Linha 505,150,Articulado,Zona Oeste,Centro,64,4.84
310,2023-04-12,05:29,Linha 202,94,Ônibus convencional,Zona Leste,Zona Leste,20,3.61
311,2023-12-09,21:26,Linha 101,118,Elétrico,Centro,Zona Leste,74,5.49
312,2023-03-06,09:19,Linha 303,5,Micro-ônibus,Zona Oeste,Zona Leste,57,5.94
313,2023-06-10,17:04,Linha 404,20,Ônibus convencional,Zona Norte,Centro,59,6.81
314,2023-06-02,13:29,Linha 101,73,Articulado,Zona Norte,Zona Oeste,47,4.5
315,2023-12-22,13:04,Linha 202,91,Elétrico,Zona Sul,Zona Oeste,45,5.21
316,2023-08-08,14:44,Linha 303,79,Elétrico,Zona Leste,Zona Norte,41,3.59
317,2023-02-09,06:27,Linha 101,93,Articulado,Zona Norte,Zona Oeste,40,4.87
318,2023-04-19,07:48,Linha 404,92,Elétrico,Zona Leste,Zona Leste,81,6.84
319,2023-01-24,11:40,Linha 303,117,Micro-ônibus,Zona Leste,Zona Leste,41,4.34
320,2023-07-04,13:16,Linha 202,102,Ônibus convencional,Centro,Zona Norte,76,5.67
321,2023-03-03,07:21,Linha 404,8,Articulado,Zona Oeste,Centro,82,6.63
322,2023-03-28,16:57,Linha 101,47,Micro-ônibus,Zona Oeste,Zona Norte,60,4.78
323,2023-08-18,05:22,Linha 303,119,Articulado,Zona Oeste,Zona Leste,23,5.9
324,2023-10-17,06:58,Linha 505,7,Articulado,Zona Sul,Zona Leste,69,5.03
325,2023-01-21,21:52,Linha 505,37,Ônibus convencional,Zona Oeste,Centro,11,6.98
326,2023-11-23,22:45,Linha 404,78,Articulado,Centro,Centro,17,5.52
327,2023-05-11,15:33,Linha 404,49,Elétrico,Centro,Centro,59,6.47
328,2023-10-18,06:40,Linha 101,110,Articulado,Zona Oeste,Zona Leste,81,7.05
329,2023-02-24,07:07,Linha 404,125,Elétrico,Zona Oeste,Zona Sul,79,7.08
330,2023-07-13,10:16,Linha 404,90,Articulado,Zona Sul,Zona Oeste,33,4.11
331,2023-04-23,05:27,Linha 101,82,Micro-ônibus,Zona Leste,Zona Sul,49,6.21
332,2023-08-14,14:53,Linha 404,138,Elétrico,Centro,Zona Oeste,10,4.36
333,2023-02-24,19:16,Linha 202,76,Ônibus convencional,Centro,Zona Oeste,43,6.26
334,2023-06-15,12:54,Linha 101,52,Micro-ônibus,Centro,Centro,29,5.99
335,2023-04-29,08:15,Linha 303,110,Articulado,Zona Oeste,Zona Norte,10,6.54
336,2023-07-10,16:42,Linha 202,57,Articulado,Centro,Zona Norte,22,4.72
337,2023-10-30,19:48,Linha 303,67,Micro-ônibus,Zona Norte,Zona Sul,17,4.39
338,2023-07-27,18:08,Linha 101,100,Micro-ônibus,Zona Norte,Zona Sul,44,5.34
339,2023-12-18,11:11,Linha 404,36,Micro-ônibus,Zona Oeste,Zona Norte,42,6.2
340,2023-09-02,22:41,Linha 404,100,Ônibus convencional,Zona Leste,Zona Norte,35,6.21
341,2023-04-27,09:43,Linha 505,81,Elétrico,Zona Leste,Centro,37,7.5
342,2023-11-16,05:35,Linha 101,84,Micro-ônibus,Zona Oeste,Zona Leste,74,6.89
343,2023-02-26,17:26,Linha 505,95,Elétrico,Centro,Zona Leste,16,4.32
344,2023-02-08,11:02,Linha 303,18,Articulado,Zona Leste,Centro,70,4.91
345,2023-07-23,18:56,Linha 202,64,Elétrico,Zona Leste,Zona Norte,25,7.02
346,2023-02-28,17:07,Linha 202,142,Ônibus convencional,Centro,Zona Sul,39,3.92
347,2023-10-13,11:00,Linha 101,57,Articulado,Zona Sul,Zona Norte,21,5.88
348,2023-08-09,14:35,Linha 303,142,Elétrico,Zona Norte,Centro,15,5.7
349,2023-05-15,12:31,Linha 303,129,Ônibus convencional,Zona Oeste,Zona Norte,27,5.05
350,2023-10-08,13:27,Linha 303,121,Articulado,Zona Oeste,Zona Sul,34,5.24
351,2023-09-25,07:30,Linha 101,58,Ônibus convencional,Zona Sul,Zona Oeste,83,6.3
352,2023-04-08,12:13,Linha 303,52,Micro-ônibus,Zona Sul,Zona Sul,57,5.86
353,2023-09-16,17:12,Linha 404,85,Elétrico,Zona Leste,Zona Norte,15,6.3
354,2023-01-10,11:19,Linha 303,91,Ônibus convencional,Zona Norte,Zona Leste,76,5.23
355,2023-01-08,08:02,Linha 303,33,Ônibus convencional,Zona Norte,Zona Oeste,43,7.26
356,2023-08-02,09:42,Linha 202,20,Articulado,Zona Norte,Zona Leste,15,6.72
357,2023-03-16,22:47,Linha 505,33,Elétrico,Zona Leste,Zona Norte,17,6.21
358,2023-11-18,12:07,Linha 202,37,Elétrico,Zona Norte,Zona Leste,87,7.47
359,2023-11-21,11:01,Linha 202,38,Elétrico,Zona Leste,Zona Norte,36,5.2
360,2023-08-30,12:08,Linha 505,104,Micro-ônibus,Centro,Centro,14,3.89
361,2023-10-15,20:16,Linha 101,144,Ônibus convencional,Zona Oeste,Centro,33,4.16
362,2023-02-16,18:03,Linha 505,136,Articulado,Zona Oeste,Zona Norte,14,6.76
363,2023-07-30,09:32,Linha 101,33,Micro-ônibus,Zona Leste,Zona Sul,35,5.72
364,2023-11-16,18:09,Linha 202,31,Articulado,Zona Leste,Zona Oeste,24,6.33
365,2023-02-04,05:39,Linha 202,50,Micro-ônibus,Zona Oeste,Centro,39,4.93
366,2023-02-01,09:51,Linha 303,124,Articulado,Centro,Zona Norte,80,5.81
367,2023-06-02,07:16,Linha 404,47,Micro-ônibus,Zona Norte,Zona Sul,13,7.45
368,2023-09-28,06:33,Linha 404,30,Ônibus convencional,Zona Leste,Zona Oeste,84,7.04
369,2023-10-08,14:14,Linha 202,57,Micro-ônibus,Centro,Zona Oeste,28,6.3
370,2023-11-09,13:26,Linha 505,105,Articulado,Zona Leste,Zona Sul,86,6.65
371,2023-10-22,11:13,Linha 404,120,Ônibus convencional,Centro,Zona Leste,73,6.63
372,2023-08-04,10:16,Linha 101,147,Articulado,Zona Norte,Zona Leste,21,4.08
373,2023-11-07,14:34,Linha 505,89,Articulado,Zona Norte,Zona Leste,28,5.17
374,2023-07-20,05:16,Linha 505,111,Articulado,Zona Oeste,Zona Norte,70,7.28
375,2023-06-15,12:50,Linha 505,86,Micro-ônibus,Zona Oeste,Zona Norte,60,4.36
376,2023-07-15,11:15,Linha 404,122,Ônibus convencional,Zona Oeste,Zona Norte,80,5.19
377,2023-05-14,15:59,Linha 505,29,Micro-ônibus,Zona Oeste,Centro,15,5.52
378,2023-04-04,05:01,Linha 303,102,Micro-ônibus,Zona Oeste,Zona Oeste,61,7.5
379,2023-07-29,05:18,Linha 404,12,Ônibus convencional,Zona Oeste,Centro,19,6.4
380,2023-05-24,14:30,Linha 404,50,Micro-ônibus,Zona Leste,Zona Leste,11,7.16
381,2023-08-20,22:03,Linha 202,77,Micro-ônibus,Zona Sul,Zona Norte,50,4.51
382,2023-05-24,13:43,Linha 202,59,Ônibus convencional,Zona Sul,Centro,87,3.7
383,2023-01-05,06:36,Linha 505,121,Ônibus convencional,Zona Leste,Zona Norte,24,7.33
384,2023-10-09,20:37,Linha 505,65,Ônibus convencional,Zona Oeste,Zona Sul,33,6.87
385,2023-01-25,12:40,Linha 101,128,Elétrico,Zona Sul,Zona Sul,69,6.86
386,2023-11-11,05:46,Linha 404,102,Elétrico,Zona Norte,Zona Sul,83,3.91
387,2023-04-07,05:46,Linha 404,11,Micro-ônibus,Zona Leste,Zona Norte,83,5.83
388,2023-08-01,16:53,Linha 404,114,Elétrico,Zona Sul,Zona Norte,33,7.47
389,2023-11-23,19:38,Linha 202,149,Elétrico,Zona Sul,Zona Leste,52,4.71
390,2023-01-07,16:38,Linha 303,18,Micro-ônibus,Zona Norte,Zona Norte,70,7.47
391,2023-04-05,17:04,Linha 505,47,Ônibus convencional,Zona Norte,Zona Leste,50,5.84
392,2023-09-21,17:48,Linha 505,76,Ônibus convencional,Zona Oeste,Zona Oeste,53,3.94
393,2023-07-17,06:31,Linha 303,103,Elétrico,Centro,Centro,51,4.4
394,2023-02-22,15:02,Linha 404,146,Micro-ônibus,Centro,Zona Norte,88,4.48
395,2023-02-09,13:33,Linha 101,136,Elétrico,Zona Oeste,Zona Leste,14,4.84
396,2023-06-30,06:26,Linha 505,106,Ônibus convencional,Zona Sul,Zona Leste,30,3.93
397,2023-12-03,20:04,Linha 404,23,Ônibus convencional,Zona Sul,Zona Leste,58,5.92
398,2023-06-22,12:35,Linha 202,81,Elétrico,Zona Leste,Zona Leste,62,6.22
399,2023-10-09,16:58,Linha 303,72,Micro-ônibus,Centro,Zona Leste,59,6.86
400,2023-05-08,12:38,Linha 303,104,Articulado,Zona Oeste,Centro,11,4.18
401,2023-03-06,21:38,Linha 101,22,Articulado,Zona Sul,Zona Sul,79,6.64
402,2023-01-05,11:28,Linha 202,149,Elétrico,Zona Norte,Zona Leste,73,6.32
403,2023-12-27,12:24,Linha 404,66,Micro-ônibus,Zona Oeste,Centro,32,3.66
404,2023-04-28,14:36,Linha 101,141,Articulado,Zona Sul,Zona Norte,13,5.7
405,2023-10-26,16:52,Linha 404,86,Micro-ônibus,Zona Oeste,Zona Sul,27,5.22
406,2023-10-20,22:51,Linha 303,37,Micro-ônibus,Zona Leste,Zona Oeste,15,5.19
407,2023-04-29,17:58,Linha 303,15,Articulado,Zona Leste,Zona Oeste,50,6.94
408,2023-12-28,11:24,Linha 404,46,Articulado,Centro,Zona Sul,58,5.58
409,2023-03-23,22:56,Linha 303,73,Ônibus convencional,Centro,Zona Norte,46,4.61
410,2023-02-25,11:15,Linha 404,52,Ônibus convencional,Zona Sul,Zona Sul,82,6.72
411,2023-12-07,05:53,Linha 101,115,Ônibus convencional,Zona Norte,Centro,31,5.45
412,2023-10-28,08:54,Linha 101,147,Articulado,Zona Oeste,Zona Sul,59,3.61
413,2023-10-15,22:38,Linha 202,125,Ônibus convencional,Zona Leste,Zona Leste,21,3.7
414,2023-11-09,20:08,Linha 505,121,Elétrico,Zona Oeste,Centro,60,7.43
415,2023-11-08,18:25,Linha 505,98,Articulado,Zona Norte,Zona Leste,43,4.03
416,2023-03-03,05:05,Linha 404,64,Ônibus convencional,Zona Sul,Zona Sul,19,5.11
417,2023-04-26,15:32,Linha 303,11,Ônibus convencional,Zona Norte,Centro,67,7.26
418,2023-02-17,19:48,Linha 101,123,Ônibus convencional,Centro,Centro,78,4.5
419,2023-02-23,12:46,Linha 505,65,Articulado,Centro,Zona Leste,81,6.64
420,2023-01-30,18:56,Linha 202,135,Articulado,Zona Norte,Zona Norte,25,3.72
421,2023-02-20,16:31,Linha 303,59,Elétrico,Zona Sul,Zona Oeste,54,5.22
422,2023-10-25,16:39,Linha 202,90,Elétrico,Zona Norte,Centro,90,5.41
423,2023-08-05,21:16,Linha 505,92,Elétrico,Zona Sul,Centro,55,3.96
424,2023-02-06,06:37,Linha 202,116,Articulado,Zona Leste,Centro,86,5.24
425,2023-09-03,21:44,Linha 303,16,Ônibus convencional,Zona Norte,Centro,54,6.92
426,2023-07-11,16:35,Linha 303,143,Micro-ônibus,Zona Norte,Zona Oeste,69,7.45
427,2023-06-22,05:32,Linha 505,106,Ônibus convencional,Zona Norte,Centro,39,6.08
428,2023-03-18,05:36,Linha 101,51,Elétrico,Centro,Zona Sul,30,3.8
429,2023-10-09,20:24,Linha 505,83,Articulado,Zona Leste,Zona Sul,83,6.64
430,2023-05-14,15:52,Linha 101,150,Articulado,Zona Norte,Zona Norte,51,4.06
431,2023-12-28,22:52,Linha 101,113,Elétrico,Centro,Zona Oeste,24,3.6
432,2023-06-15,16:04,Linha 303,66,Elétrico,Zona Norte,Zona Leste,22,3.51
433,2023-03-18,05:08,Linha 404,76,Articulado,Zona Sul,Zona Norte,24,5.48
434,2023-01-21,21:21,Linha 404,39,Elétrico,Centro,Zona Leste,81,7.45
435,2023-04-08,07:43,Linha 404,106,Micro-ônibus,Zona Oeste,Zona Sul,45,3.58
436,2023-12-23,19:17,Linha 101,19,Articulado,Zona Oeste,Zona Leste,30,3.8
437,2023-01-03,14:32,Linha 505,91,Micro-ônibus,Zona Leste,Zona Norte,49,6.4
438,2023-01-16,08:04,Linha 404,6,Articulado,Centro,Zona Sul,57,4.19
439,2023-07-16,21:14,Linha 404,76,Articulado,Zona Oeste,Centro,78,4.07
440,2023-05-20,19:50,Linha 303,29,Articulado,Zona Norte,Zona Leste,88,4.91
441,2023-02-11,10:26,Linha 404,53,Ônibus convencional,Zona Norte,Centro,21,6.61
442,2023-12-24,11:27,Linha 404,25,Elétrico,Zona Norte,Zona Leste,56,6.71
443,2023-07-21,11:06,Linha 404,124,Ônibus convencional,Zona Sul,Zona Sul,54,5.7
444,2023-06-30,15:52,Linha 505,137,Micro-ônibus,Zona Leste,Zona Sul,32,7.11
445,2023-02-11,05:43,Linha 404,15,Articulado,Zona Leste,Zona Sul,59,7.47
446,2023-05-22,10:51,Linha 303,112,Ônibus convencional,Zona Sul,Zona Norte,90,4.05
447,2023-03-22,05:30,Linha 101,42,Articulado,Zona Oeste,Zona Sul,81,5.83
448,2023-03-14,15:48,Linha 505,6,Elétrico,Zona Sul,Zona Norte,13,6.07
449,2023-09-01,22:14,Linha 303,13,Articulado,Zona Norte,Zona Norte,26,4.92
450,2023-02-26,12:51,Linha 202,134,Elétrico,Zona Oeste,Zona Norte,49,4.12
451,2023-03-10,11:03,Linha 404,121,Articulado,Zona Sul,Zona Norte,87,5.83
452,2023-03-21,06:33,Linha 101,137,Elétrico,Zona Norte,Zona Oeste,58,4.75
453,2023-06-16,14:05,Linha 505,88,Micro-ônibus,Zona Oeste,Zona Leste,43,5.38
454,2023-10-31,10:13,Linha 202,8,Ônibus convencional,Zona Sul,Zona Norte,22,5.19
455,2023-03-11,12:03,Linha 101,16,Micro-ônibus,Centro,Centro,46,5.09
456,2023-12-01,13:32,Linha 303,73,Micro-ônibus,Zona Norte,Zona Norte,28,5.8
457,2023-04-23,08:57,Linha 202,120,Elétrico,Zona Sul,Zona Leste,31,5.07
458,2023-12-23,22:55,Linha 202,6,Articulado,Zona Norte,Centro,71,4.24
459,2023-12-08,16:13,Linha 404,120,Micro-ônibus,Zona Leste,Zona Leste,52,5.38
460,2023-05-23,17:47,Linha 303,133,Articulado,Zona Oeste,Zona Leste,21,4.04
461,2023-11-25,17:39,Linha 505,77,Articulado,Zona Oeste,Centro,57,4.32
462,2023-02-19,21:03,Linha 303,40,Ônibus convencional,Zona Norte,Zona Norte,74,5.5
463,2023-03-05,19:09,Linha 202,69,Articulado,Zona Oeste,Zona Norte,31,4.29
464,2023-04-14,12:39,Linha 505,14,Elétrico,Centro,Zona Norte,60,5.67
465,2023-08-08,15:07,Linha 404,22,Ônibus convencional,Zona Leste,Zona Oeste,78,4.51
466,2023-08-14,16:42,Linha 404,36,Elétrico,Centro,Centro,16,7.24
467,2023-02-28,16:50,Linha 202,122,Articulado,Zona Norte,Zona Oeste,52,5.7
468,2023-05-21,05:19,Linha 404,103,Micro-ônibus,Zona Oeste,Zona Norte,75,6.86
469,2023-09-03,19:30,Linha 404,145,Elétrico,Zona Oeste,Zona Oeste,72,5.86
470,2023-08-31,15:17,Linha 202,37,Elétrico,Centro,Zona Sul,30,5.69
471,2023-12-16,16:54,Linha 202,45,Articulado,Zona Sul,Centro,45,5.06
472,2023-11-08,22:37,Linha 505,88,Ônibus convencional,Zona Leste,Zona Leste,13,4.98
473,2023-01-22,19:55,Linha 303,65,Micro-ônibus,Zona Norte,Zona Sul,50,5.91
474,2023-08-28,09:52,Linha 202,54,Ônibus convencional,Zona Sul,Zona Oeste,49,6.5
475,2023-12-09,08:52,Linha 505,33,Elétrico,Zona Norte,Zona Oeste,64,4.18
476,2023-10-24,09:32,Linha 505,146,Articulado,Centro,Zona Leste,11,6.0
477,2023-05-25,15:02,Linha 404,124,Articulado,Centro,Zona Sul,31,7.05
478,2023-09-27,17:00,Linha 505,132,Micro-ônibus,Zona Oeste,Centro,53,7.44
479,2023-05-05,08:27,Linha 202,42,Ônibus convencional,Zona Leste,Zona Sul,82,6.07
480,2023-02-03,08:55,Linha 303,79,Articulado,Centro,Zona Leste,13,4.42
481,2023-08-19,18:21,Linha 101,97,Articulado,Zona Norte,Zona Leste,29,5.5
482,2023-06-27,06:58,Linha 505,59,Micro-ônibus,Zona Oeste,Zona Norte,67,6.81
483,2023-09-29,22:47,Linha 101,88,Micro-ônibus,Zona Sul,Zona Oeste,45,6.4
484,2023-03-19,11:52,Linha 202,65,Articulado,Zona Oeste,Zona Sul,36,3.65
485,2023-06-27,19:44,Linha 505,106,Ônibus convencional,Centro,Zona Oeste,36,6.03
486,2023-02-25,20:50,Linha 101,56,Elétrico,Centro,Zona Sul,17,5.97
487,2023-08-30,21:20,Linha 101,32,Elétrico,Centro,Centro,24,4.59
488,2023-07-26,09:47,Linha 404,147,Ônibus convencional,Zona Sul,Zona Oeste,86,3.74
489,2023-05-01,11:31,Linha 101,107,Micro-ônibus,Zona Leste,Zona Leste,70,3.63
490,2023-10-13,06:51,Linha 101,24,Ônibus convencional,Zona Oeste,Zona Norte,55,3.66
491,2023-03-27,17:39,Linha 404,47,Ônibus convencional,Zona Oeste,Zona Oeste,49,4.04
492,2023-10-29,07:53,Linha 404,116,Elétrico,Zona Leste,Zona Sul,76,5.53
493,2023-05-04,14:30,Linha 404,28,Micro-ônibus,Zona Sul,Zona Norte,15,5.44
494,2023-03-17,15:30,Linha 202,128,Micro-ônibus,Zona Norte,Zona Leste,74,4.73
495,2023-06-07,09:33,Linha 404,14,Ônibus convencional,Zona Norte,Zona Norte,42,5.52
496,2023-12-06,21:16,Linha 303,29,Elétrico,Zona Sul,Centro,71,5.44
497,2023-10-18,07:21,Linha 404,83,Micro-ônibus,Zona Oeste,Zona Leste,40,6.06
498,2023-08-09,15:51,Linha 303,53,Ônibus convencional,Zona Leste,Zona Sul,17,7.47
499,2023-02-04,16:49,Linha 505,133,Articulado,Zona Norte,Zona Leste,45,5.05
500,2023-07-30,16:25,Linha 101,139,Ônibus convencional,Centro,Centro,74,6.26
501,2023-04-25,11:49,Linha 303,26,Micro-ônibus,Zona Sul,Zona Oeste,30,4.07
502,2023-01-19,22:35,Linha 101,88,Articulado,Centro,Zona Sul,77,7.09
503,2023-01-11,06:33,Linha 404,60,Micro-ônibus,Zona Norte,Zona Norte,55,3.53
504,2023-01-03,07:39,Linha 404,70,Elétrico,Zona Leste,Zona Leste,22,3.87
505,2023-07-22,15:07,Linha 303,84,Articulado,Zona Norte,Zona Sul,32,5.77
506,2023-08-21,10:14,Linha 101,8,Elétrico,Zona Leste,Zona Leste,61,4.08
507,2023-04-16,13:45,Linha 303,40,Elétrico,Zona Norte,Zona Norte,47,6.68
508,2023-02-15,12:00,Linha 303,83,Ônibus convencional,Centro,Centro,38,7.17
509,2023-09-08,19:14,Linha 505,45,Articulado,Centro,Zona Leste,63,7.07
510,2023-07-04,11:00,Linha 404,142,Micro-ônibus,Zona Sul,Zona Oeste,29,6.2
511,2023-01-19,20:50,Linha 202,144,Ônibus convencional,Zona Leste,Zona Leste,27,7.3
512,2023-02-03,08:32,Linha 101,50,Articulado,Zona Norte,Zona Oeste,68,4.84
513,2023-01-28,13:09,Linha 101,92,Micro-ônibus,Zona Sul,Zona Norte,21,3.59
514,2023-02-08,21:27,Linha 202,6,Ônibus convencional,Zona Sul,Zona Oeste,68,4.55
515,2023-06-13,08:21,Linha 404,148,Ônibus convencional,Zona Norte,Zona Norte,37,6.66
516,2023-12-21,16:21,Linha 505,17,Articulado,Zona Oeste,Centro,17,3.92
517,2023-03-30,22:15,Linha 303,82,Articulado,Zona Norte,Zona Leste,27,3.81
518,2023-08-29,17:11,Linha 101,112,Ônibus convencional,Centro,Centro,80,5.08
519,2023-01-26,19:08,Linha 404,108,Micro-ônibus,Zona Oeste,Zona Sul,68,6.2
520,2023-09-09,22:50,Linha 101,62,Articulado,Zona Oeste,Zona Oeste,11,5.32
521,2023-07-11,11:42,Linha 101,37,Micro-ônibus,Zona Sul,Centro,39,7.22
522,2023-05-08,06:33,Linha 101,15,Ônibus convencional,Zona Sul,Zona Norte,47,4.61
523,2023-10-27,21:32,Linha 404,20,Elétrico,Zona Norte,Zona Sul,29,5.62
524,2023-09-04,13:47,Linha 404,124,Elétrico,Zona Sul,Centro,14,3.6
525,2023-05-03,12:48,Linha 202,145,Ônibus convencional,Zona Oeste,Centro,73,7.32
526,2023-10-17,11:51,Linha 101,99,Ônibus convencional,Zona Oeste,Zona Leste,62,5.18
527,2023-04-28,16:25,Linha 202,36,Articulado,Centro,Zona Norte,26,6.53
528,2023-11-01,11:34,Linha 303,43,Elétrico,Zona Sul,Zona Oeste,77,4.5
529,2023-06-22,22:22,Linha 202,138,Elétrico,Centro,Zona Leste,45,7.36
530,2023-08-28,17:00,Linha 101,42,Articulado,Centro,Zona Norte,72,5.58
531,2023-01-13,13:15,Linha 202,31,Ônibus convencional,Zona Oeste,Zona Oeste,21,4.64
532,2023-12-16,22:11,Linha 303,40,Ônibus convencional,Zona Leste,Zona Oeste,57,5.6
533,2023-12-26,21:50,Linha 404,46,Elétrico,Zona Oeste,Zona Leste,70,6.75
534,2023-12-07,20:15,Linha 303,22,Micro-ônibus,Zona Sul,Zona Sul,14,6.41
535,2023-04-26,21:40,Linha 303,19,Elétrico,Zona Oeste,Zona Oeste,73,3.86
536,2023-02-28,10:15,Linha 101,145,Micro-ônibus,Zona Leste,Centro,69,3.94
537,2023-05-02,13:03,Linha 303,111,Ônibus convencional,Zona Sul,Zona Oeste,64,6.2
538,2023-03-30,07:45,Linha 303,54,Elétrico,Zona Norte,Zona Oeste,69,3.52
539,2023-09-18,09:30,Linha 202,11,Micro-ônibus,Centro,Zona Leste,43,5.7
540,2023-12-05,11:21,Linha 202,113,Ônibus convencional,Zona Sul,Zona Leste,21,5.1
541,2023-02-08,12:56,Linha 303,78,Micro-ônibus,Zona Sul,Zona Leste,63,6.5
542,2023-10-01,08:06,Linha 101,9,Micro-ônibus,Zona Norte,Zona Oeste,46,7.04
543,2023-11-07,19:55,Linha 202,60,Micro-ônibus,Zona Oeste,Zona Oeste,25,4.83
544,2023-07-11,21:26,Linha 505,49,Ônibus convencional,Zona Sul,Zona Leste,66,6.9
545,2023-07-02,11:44,Linha 101,22,Ônibus convencional,Centro,Zona Sul,48,5.07
546,2023-11-20,09:34,Linha 101,60,Micro-ônibus,Zona Leste,Zona Oeste,22,6.02
547,2023-08-03,19:36,Linha 202,18,Elétrico,Zona Leste,Zona Norte,75,6.82
548,2023-04-19,19:54,Linha 101,9,Elétrico,Centro,Centro,42,5.59
549,2023-05-15,17:34,Linha 505,59,Micro-ônibus,Zona Norte,Zona Norte,10,5.31
550,2023-04-15,20:52,Linha 202,115,Articulado,Zona Norte,Zona Oeste,15,6.8
551,2023-11-17,22:00,Linha 303,124,Micro-ônibus,Zona Norte,Zona Sul,66,5.85
552,2023-09-28,13:28,Linha 101,125,Elétrico,Zona Leste,Zona Sul,74,5.78
553,2023-11-07,14:29,Linha 303,66,Micro-ônibus,Centro,Zona Leste,40,7.08
554,2023-10-22,21:37,Linha 505,97,Ônibus convencional,Zona Sul,Centro,87,7.15
555,2023-06-28,10:30,Linha 404,83,Articulado,Zona Leste,Centro,45,5.57
556,2023-01-23,09:00,Linha 303,135,Articulado,Zona Oeste,Zona Sul,42,4.41
557,2023-04-30,06:04,Linha 101,116,Articulado,Zona Leste,Zona Norte,54,5.52
558,2023-08-10,09:30,Linha 101,31,Articulado,Zona Leste,Zona Norte,82,6.43
559,2023-03-07,09:02,Linha 505,102,Articulado,Zona Sul,Zona Leste,81,6.68
560,2023-12-05,10:22,Linha 303,58,Elétrico,Zona Norte,Zona Oeste,64,6.34
561,2023-03-05,14:30,Linha 404,40,Articulado,Zona Oeste,Zona Norte,75,4.79
562,2023-06-05,08:43,Linha 101,12,Articulado,Centro,Zona Oeste,63,5.38
563,2023-04-19,16:48,Linha 404,42,Micro-ônibus,Zona Norte,Zona Sul,43,5.27
564,2023-10-10,11:49,Linha 202,96,Elétrico,Zona Oeste,Zona Norte,11,6.69
565,2023-01-08,18:08,Linha 404,88,Ônibus convencional,Zona Oeste,Zona Leste,55,4.49
566,2023-03-04,06:43,Linha 101,45,Micro-ônibus,Zona Leste,Zona Oeste,73,6.96
567,2023-10-21,22:30,Linha 303,70,Micro-ônibus,Centro,Zona Norte,43,6.11
568,2023-02-01,14:48,Linha 303,5,Articulado,Zona Oeste,Zona Norte,30,7.42
569,2023-09-11,09:42,Linha 404,5,Micro-ônibus,Zona Oeste,Zona Leste,39,4.7
570,2023-12-14,15:34,Linha 101,103,Micro-ônibus,Zona Norte,Zona Norte,81,4.15
571,2023-04-27,14:08,Linha 505,33,Ônibus convencional,Centro,Zona Oeste,50,5.01
572,2023-01-20,09:24,Linha 101,43,Ônibus convencional,Zona Norte,Zona Norte,88,5.05
573,2023-06-02,15:47,Linha 101,107,Articulado,Zona Sul,Zona Leste,40,6.47
574,2023-08-08,06:28,Linha 202,22,Ônibus convencional,Zona Sul,Zona Norte,71,3.74
575,2023-05-24,13:00,Linha 202,97,Elétrico,Zona Leste,Zona Norte,23,5.91
576,2023-07-11,06:15,Linha 404,65,Elétrico,Zona Sul,Centro,83,5.78
577,2023-08-22,16:37,Linha 505,16,Ônibus convencional,Centro,Zona Leste,39,5.71
578,2023-04-27,14:36,Linha 101,72,Articulado,Zona Sul,Zona Leste,25,7.04
579,2023-02-23,05:41,Linha 404,105,Ônibus convencional,Zona Leste,Zona Norte,88,5.55
580,2023-12-02,21:52,Linha 101,57,Ônibus convencional,Centro,Zona Sul,51,3.63
581,2023-04-17,15:26,Linha 505,12,Micro-ônibus,Zona Oeste,Zona Leste,38,4.63
582,2023-03-13,06:59,Linha 404,13,Elétrico,Zona Sul,Centro,12,4.53
583,2023-07-13,17:39,Linha 202,107,Articulado,Zona Oeste,Zona Sul,65,7.48
584,2023-03-27,17:22,Linha 505,60,Micro-ônibus,Zona Leste,Zona Leste,29,4.03
585,2023-09-07,10:43,Linha 404,59,Micro-ônibus,Zona Oeste,Zona Sul,73,5.33
586,2023-05-31,06:43,Linha 404,59,Elétrico,Zona Sul,Zona Leste,28,5.78
587,2023-02-24,05:26,Linha 303,121,Ônibus convencional,Zona Leste,Zona Norte,79,5.46
588,2023-08-18,09:44,Linha 303,127,Ônibus convencional,Zona Norte,Centro,22,6.5
589,2023-04-19,10:00,Linha 505,149,Articulado,Zona Sul,Zona Leste,13,6.58
590,2023-09-21,13:57,Linha 101,47,Elétrico,Centro,Zona Oeste,13,7.27
591,2023-08-23,21:31,Linha 101,71,Ônibus convencional,Zona Norte,Zona Oeste,49,5.0
592,2023-08-31,20:01,Linha 303,150,Elétrico,Zona Leste,Zona Leste,75,5.45
593,2023-03-23,22:18,Linha 303,120,Elétrico,Zona Oeste,Zona Leste,80,5.0
594,2023-04-10,16:13,Linha 202,145,Ônibus convencional,Zona Oeste,Zona Oeste,38,3.6
595,2023-03-30,05:05,Linha 303,72,Micro-ônibus,Zona Sul,Zona Leste,64,4.59
596,2023-05-01,05:30,Linha 202,28,Micro-ônibus,Zona Norte,Zona Sul,81,5.66
597,2023-09-05,22:33,Linha 303,104,Elétrico,Centro,Zona Leste,27,7.11
598,2023-12-29,08:06,Linha 303,150,Elétrico,Zona Leste,Zona Leste,90,6.32
599,2023-06-15,21:12,Linha 404,82,Articulado,Centro,Zona Sul,70,7.38
600,2023-10-25,20:12,Linha 202,134,Ônibus convencional,Zona Leste,Zona Norte,23,3.79
601,2023-10-08,13:22,Linha 202,148,Ônibus convencional,Zona Sul,Zona Leste,45,4.53
602,2023-01-19,18:02,Linha 202,139,Ônibus convencional,Zona Sul,Zona Norte,34,4.57
603,2023-10-14,18:59,Linha 101,103,Articulado,Zona Sul,Zona Oeste,78,6.43
604,2023-01-04,07:54,Linha 202,138,Articulado,Zona Oeste,Zona Leste,13,5.23
605,2023-03-20,14:38,Linha 404,73,Ônibus convencional,Zona Sul,Centro,13,7.31
606,2023-08-04,08:08,Linha 202,14,Articulado,Zona Oeste,Zona Oeste,63,4.97
607,2023-02-16,15:28,Linha 101,46,Ônibus convencional,Zona Norte,Centro,70,4.39
608,2023-08-03,10:28,Linha 505,29,Ônibus convencional,Zona Oeste,Centro,52,5.1
609,2023-12-28,17:59,Linha 202,94,Micro-ônibus,Zona Norte,Zona Leste,85,5.0
610,2023-10-13,17:08,Linha 404,55,Micro-ônibus,Zona Oeste,Zona Sul,31,5.6
611,2023-05-27,22:11,Linha 101,10,Articulado,Zona Norte,Zona Leste,74,3.62
612,2023-09-21,14:27,Linha 505,67,Elétrico,Centro,Zona Sul,83,6.49
613,2023-10-27,08:04,Linha 404,69,Micro-ônibus,Zona Sul,Zona Leste,82,4.06
614,2023-02-22,18:59,Linha 101,57,Ônibus convencional,Zona Norte,Zona Oeste,65,6.38
615,2023-09-10,21:15,Linha 404,60,Ônibus convencional,Zona Norte,Zona Norte,77,5.54
616,2023-03-25,22:49,Linha 505,65,Ônibus convencional,Zona Oeste,Zona Leste,15,6.1
617,2023-10-19,12:18,Linha 303,14,Micro-ônibus,Centro,Zona Norte,83,6.83
618,2023-03-03,07:28,Linha 303,70,Elétrico,Zona Sul,Zona Leste,42,6.06
619,2023-01-13,10:17,Linha 505,142,Ônibus convencional,Zona Sul,Zona Norte,17,7.13
620,2023-11-28,06:33,Linha 202,80,Micro-ônibus,Zona Sul,Centro,83,3.93
621,2023-10-21,07:49,Linha 101,62,Ônibus convencional,Zona Leste,Zona Oeste,58,4.04
622,2023-03-24,20:05,Linha 303,14,Micro-ônibus,Centro,Zona Oeste,25,5.46
623,2023-08-25,15:03,Linha 404,34,Ônibus convencional,Zona Leste,Zona Sul,18,6.01
624,2023-08-06,18:45,Linha 404,30,Micro-ônibus,Zona Sul,Zona Norte,82,6.77
625,2023-06-15,12:29,Linha 404,17,Ônibus convencional,Centro,Zona Sul,56,4.8
626,2023-12-29,21:28,Linha 202,46,Articulado,Centro,Zona Norte,10,7.25
627,2023-07-12,11:27,Linha 505,55,Elétrico,Zona Oeste,Centro,21,6.09
628,2023-11-22,11:17,Linha 303,145,Ônibus convencional,Zona Oeste,Zona Leste,25,4.59
629,2023-12-14,12:09,Linha 505,107,Ônibus convencional,Zona Leste,Zona Sul,19,7.42
630,2023-04-02,05:07,Linha 303,149,Micro-ônibus,Zona Leste,Zona Sul,57,5.29
631,2023-08-21,10:44,Linha 101,132,Articulado,Zona Sul,Zona Sul,61,6.27
632,2023-04-27,17:24,Linha 202,37,Elétrico,Centro,Zona Leste,85,4.42
633,2023-04-02,11:07,Linha 303,114,Elétrico,Zona Leste,Centro,17,5.52
634,2023-03-13,08:51,Linha 202,88,Ônibus convencional,Centro,Zona Leste,83,4.27
635,2023-12-25,19:34,Linha 101,131,Micro-ônibus,Zona Sul,Zona Sul,25,4.68
636,2023-03-23,11:13,Linha 303,11,Elétrico,Zona Oeste,Zona Leste,18,7.36
637,2023-05-12,19:04,Linha 404,40,Ônibus convencional,Centro,Zona Leste,32,4.43
638,2023-10-08,08:10,Linha 101,56,Micro-ônibus,Zona Sul,Zona Sul,70,3.71
639,2023-07-26,08:28,Linha 505,11,Articulado,Centro,Zona Sul,11,4.58
640,2023-05-27,21:42,Linha 101,66,Elétrico,Zona Sul,Zona Norte,37,3.94
641,2023-12-21,18:43,Linha 101,99,Articulado,Zona Oeste,Zona Oeste,25,7.02
642,2023-10-10,16:15,Linha 303,141,Micro-ônibus,Centro,Zona Leste,73,4.06
643,2023-11-13,12:53,Linha 303,72,Micro-ônibus,Zona Norte,Zona Norte,25,5.35
644,2023-12-03,19:25,Linha 505,139,Micro-ônibus,Zona Norte,Centro,86,6.16
645,2023-11-19,10:34,Linha 202,86,Micro-ônibus,Zona Norte,Zona Leste,57,6.67
646,2023-11-29,10:09,Linha 202,80,Articulado,Zona Sul,Zona Leste,79,6.52
647,2023-07-09,21:00,Linha 303,125,Elétrico,Zona Norte,Zona Sul,72,4.75
648,2023-10-07,22:04,Linha 303,34,Micro-ônibus,Centro,Zona Sul,36,5.92
649,2023-10-01,14:45,Linha 404,76,Micro-ônibus,Zona Leste,Zona Norte,52,6.38
650,2023-11-23,10:37,Linha 202,15,Articulado,Centro,Zona Sul,34,6.94
651,2023-02-25,18:03,Linha 404,96,Elétrico,Zona Oeste,Centro,50,6.49
652,2023-05-06,05:00,Linha 101,146,Articulado,Zona Norte,Centro,15,6.31
653,2023-09-24,15:13,Linha 404,84,Micro-ônibus,Zona Oeste,Zona Leste,20,3.64
654,2023-12-27,05:46,Linha 505,48,Micro-ônibus,Zona Leste,Zona Leste,26,4.78
655,2023-08-10,12:08,Linha 202,37,Elétrico,Zona Norte,Zona Norte,90,3.63
656,2023-06-30,21:48,Linha 101,109,Articulado,Zona Oeste,Zona Sul,11,6.04
657,2023-09-26,13:34,Linha 101,39,Ônibus convencional,Zona Norte,Zona Leste,32,6.08
658,2023-09-07,21:01,Linha 202,14,Micro-ônibus,Zona Oeste,Zona Norte,73,5.71
659,2023-06-01,21:41,Linha 101,150,Ônibus convencional,Zona Oeste,Zona Norte,12,6.0
660,2023-03-01,08:04,Linha 101,53,Micro-ônibus,Centro,Zona Leste,76,3.54
661,2023-04-30,20:44,Linha 303,75,Elétrico,Zona Norte,Zona Sul,29,7.08
662,2023-12-03,22:08,Linha 202,75,Ônibus convencional,Zona Norte,Zona Leste,22,5.89
663,2023-10-06,06:06,Linha 303,43,Articulado,Zona Leste,Centro,69,4.42
664,2023-08-03,18:44,Linha 505,123,Elétrico,Zona Oeste,Centro,35,3.59
665,2023-06-13,06:14,Linha 101,43,Micro-ônibus,Zona Norte,Zona Leste,44,5.17
666,2023-06-25,11:52,Linha 202,115,Micro-ônibus,Zona Sul,Zona Leste,72,7.13
667,2023-12-03,11:17,Linha 101,121,Micro-ônibus,Centro,Zona Sul,86,3.8
668,2023-06-15,20:18,Linha 404,79,Articulado,Zona Sul,Zona Leste,27,7.4
669,2023-09-24,15:18,Linha 404,124,Articulado,Zona Sul,Centro,74,4.51
670,2023-10-13,16:39,Linha 101,40,Articulado,Centro,Zona Sul,54,3.56
671,2023-10-03,17:18,Linha 202,46,Ônibus convencional,Zona Norte,Zona Oeste,19,4.13
672,2023-04-22,12:36,Linha 101,22,Micro-ônibus,Zona Oeste,Centro,31,6.51
673,2023-03-14,13:48,Linha 101,135,Elétrico,Zona Norte,Zona Sul,67,6.81
674,2023-07-14,22:28,Linha 404,70,Ônibus convencional,Zona Sul,Zona Norte,82,4.2
675,2023-04-23,21:40,Linha 202,100,Elétrico,Zona Leste,Centro,45,6.89
676,2023-06-19,05:25,Linha 303,124,Ônibus convencional,Centro,Zona Sul,20,5.86
677,2023-02-10,16:46,Linha 404,36,Articulado,Centro,Zona Leste,25,6.08
678,2023-10-28,08:30,Linha 101,64,Ônibus convencional,Zona Sul,Zona Sul,79,5.8
679,2023-10-08,16:42,Linha 202,112,Articulado,Zona Leste,Zona Sul,51,6.46
680,2023-01-07,15:21,Linha 202,18,Articulado,Zona Sul,Zona Oeste,19,5.93
681,2023-09-06,22:59,Linha 202,68,Elétrico,Zona Sul,Zona Leste,80,4.17
682,2023-07-02,19:48,Linha 202,65,Articulado,Zona Leste,Zona Oeste,27,5.68
683,2023-05-06,07:06,Linha 404,23,Elétrico,Zona Norte,Zona Sul,57,7.12
684,2023-04-18,11:30,Linha 404,40,Elétrico,Zona Leste,Zona Norte,74,6.96
685,2023-01-18,16:57,Linha 303,122,Elétrico,Centro,Zona Sul,40,5.74
686,2023-08-03,14:38,Linha 202,148,Elétrico,Zona Leste,Zona Leste,85,4.22
687,2023-12-25,05:42,Linha 303,93,Micro-ônibus,Zona Norte,Zona Sul,78,4.92
688,2023-08-28,05:57,Linha 202,55,Articulado,Zona Sul,Zona Leste,24,5.88
689,2023-05-27,07:50,Linha 505,108,Articulado,Zona Norte,Centro,33,4.56
690,2023-01-29,09:05,Linha 202,142,Ônibus convencional,Centro,Zona Oeste,29,7.43
691,2023-07-24,17:30,Linha 505,108,Ônibus convencional,Zona Sul,Zona Sul,14,3.9
692,2023-07-09,12:34,Linha 303,101,Ônibus convencional,Zona Norte,Zona Norte,68,4.19
693,2023-04-11,18:27,Linha 202,125,Ônibus convencional,Centro,Zona Sul,80,5.08
694,2023-05-14,10:26,Linha 404,18,Articulado,Zona Leste,Zona Leste,44,7.5
695,2023-11-13,13:16,Linha 202,117,Micro-ônibus,Centro,Zona Oeste,48,6.12
696,2023-08-22,13:48,Linha 505,102,Articulado,Centro,Zona Norte,19,4.48
697,2023-10-20,05:36,Linha 505,136,Ônibus convencional,Zona Leste,Zona Oeste,48,4.89
698,2023-06-12,19:45,Linha 404,49,Elétrico,Zona Sul,Centro,67,4.32
699,2023-01-18,07:51,Linha 404,105,Micro-ônibus,Zona Sul,Zona Oeste,85,5.72
700,2023-10-12,14:32,Linha 303,72,Articulado,Centro,Zona Sul,72,3.73
701,2023-03-12,19:54,Linha 404,81,Articulado,Zona Sul,Zona Norte,18,6.14
702,2023-09-15,06:26,Linha 202,135,Micro-ônibus,Centro,Zona Sul,80,6.24
703,2023-02-23,12:41,Linha 303,57,Articulado,Zona Norte,Zona Leste,52,6.34
704,2023-02-06,21:23,Linha 505,42,Micro-ônibus,Zona Oeste,Zona Leste,70,4.68
705,2023-06-16,08:58,Linha 303,107,Ônibus convencional,Zona Oeste,Zona Norte,16,6.05
706,2023-09-11,13:08,Linha 303,69,Ônibus convencional,Zona Oeste,Zona Sul,44,6.25
707,2023-02-22,19:12,Linha 404,124,Articulado,Zona Oeste,Zona Oeste,73,3.71
708,2023-11-06,16:07,Linha 101,96,Articulado,Zona Norte,Zona Oeste,81,5.31
709,2023-02-08,20:02,Linha 505,57,Elétrico,Zona Oeste,Centro,80,4.25
710,2023-01-16,11:07,Linha 505,91,Ônibus convencional,Zona Norte,Centro,24,5.09
711,2023-02-04,17:14,Linha 404,145,Ônibus convencional,Zona Sul,Centro,13,7.11
712,2023-09-10,09:37,Linha 505,15,Micro-ônibus,Zona Leste,Zona Leste,75,6.1
713,2023-01-15,06:24,Linha 303,81,Elétrico,Zona Oeste,Zona Leste,35,4.29
714,2023-06-06,16:59,Linha 101,115,Ônibus convencional,Zona Sul,Zona Norte,59,6.2
715,2023-01-10,20:00,Linha 202,89,Micro-ônibus,Zona Sul,Centro,61,4.96
716,2023-09-18,05:18,Linha 303,147,Elétrico,Zona Sul,Zona Sul,45,5.0
717,2023-03-06,09:37,Linha 303,42,Ônibus convencional,Zona Sul,Centro,13,4.13
718,2023-02-26,19:34,Linha 303,43,Elétrico,Zona Norte,Zona Norte,53,4.0
719,2023-12-23,17:37,Linha 505,59,Micro-ônibus,Zona Leste,Centro,68,5.5
720,2023-08-03,05:39,Linha 202,39,Elétrico,Zona Oeste,Zona Leste,45,3.55
721,2023-06-05,13:30,Linha 303,31,Ônibus convencional,Centro,Zona Norte,67,5.8
722,2023-04-16,15:06,Linha 303,127,Ônibus convencional,Centro,Zona Norte,32,4.89
723,2023-04-12,19:13,Linha 202,88,Articulado,Centro,Zona Oeste,75,5.64
724,2023-11-17,06:31,Linha 202,88,Articulado,Zona Norte,Zona Oeste,58,3.99
725,2023-11-27,22:58,Linha 202,95,Ônibus convencional,Zona Oeste,Centro,71,7.34
726,2023-10-20,08:18,Linha 202,59,Articulado,Zona Leste,Zona Oeste,57,4.72
727,2023-11-08,08:37,Linha 404,67,Elétrico,Centro,Zona Norte,13,4.22
728,2023-06-03,08:03,Linha 404,132,Ônibus convencional,Zona Leste,Zona Norte,67,4.48
729,2023-05-27,08:20,Linha 404,142,Articulado,Centro,Zona Oeste,23,5.04
730,2023-11-08,09:00,Linha 303,36,Micro-ônibus,Zona Oeste,Zona Oeste,39,6.02
731,2023-06-24,11:59,Linha 303,131,Articulado,Centro,Zona Leste,38,6.67
732,2023-11-22,15:25,Linha 101,122,Micro-ônibus,Zona Norte,Zona Leste,46,3.91
733,2023-01-24,05:23,Linha 202,28,Articulado,Zona Leste,Zona Oeste,52,4.05
734,2023-09-17,07:15,Linha 505,125,Ônibus convencional,Zona Leste,Zona Oeste,14,5.8
735,2023-08-31,12:49,Linha 202,94,Elétrico,Zona Norte,Centro,80,6.09
736,2023-09-07,06:00,Linha 505,68,Articulado,Centro,Centro,50,4.99
737,2023-08-12,15:09,Linha 101,38,Micro-ônibus,Zona Sul,Centro,11,6.87
738,2023-03-14,08:27,Linha 404,108,Ônibus convencional,Zona Oeste,Centro,39,5.06
739,2023-05-02,22:20,Linha 303,37,Elétrico,Zona Norte,Zona Sul,13,4.16
740,2023-10-11,10:01,Linha 202,78,Micro-ônibus,Zona Sul,Centro,67,6.59
741,2023-04-18,09:54,Linha 505,120,Ônibus convencional,Centro,Zona Oeste,15,5.78
742,2023-03-21,16:57,Linha 101,117,Articulado,Zona Leste,Zona Oeste,43,7.37
743,2023-04-13,08:43,Linha 303,17,Micro-ônibus,Zona Leste,Zona Oeste,31,5.85
744,2023-10-30,18:17,Linha 101,114,Articulado,Zona Sul,Zona Oeste,49,6.54
745,2023-01-22,14:14,Linha 404,97,Micro-ônibus,Zona Norte,Zona Leste,57,7.19
746,2023-02-12,16:48,Linha 202,87,Elétrico,Zona Leste,Centro,24,5.25
747,2023-11-28,07:20,Linha 505,112,Articulado,Zona Leste,Zona Oeste,12,5.74
748,2023-08-03,19:09,Linha 303,41,Micro-ônibus,Zona Oeste,Centro,15,7.48
749,2023-11-02,10:40,Linha 404,11,Elétrico,Zona Norte,Zona Oeste,26,6.42
750,2023-05-09,05:48,Linha 505,6,Micro-ônibus,Zona Leste,Zona Norte,89,4.07
751,2023-01-11,11:19,Linha 505,89,Micro-ônibus,Zona Leste,Zona Leste,34,7.27
752,2023-08-25,07:13,Linha 303,99,Articulado,Centro,Zona Oeste,56,6.95
753,2023-10-05,10:07,Linha 303,81,Ônibus convencional,Zona Leste,Zona Sul,60,7.09
754,2023-08-09,07:38,Linha 101,119,Ônibus convencional,Zona Leste,Zona Sul,31,5.77
755,2023-11-29,14:08,Linha 101,35,Micro-ônibus,Zona Sul,Zona Norte,24,3.85
756,2023-11-25,08:27,Linha 202,31,Micro-ônibus,Zona Leste,Zona Leste,49,5.82
757,2023-07-30,08:04,Linha 303,132,Elétrico,Zona Oeste,Zona Sul,78,3.65
758,2023-12-21,08:57,Linha 303,8,Elétrico,Centro,Zona Norte,76,6.37
759,2023-06-27,14:41,Linha 101,59,Articulado,Centro,Zona Leste,71,3.5
760,2023-11-12,18:17,Linha 303,150,Articulado,Centro,Zona Oeste,44,4.69
761,2023-09-23,09:11,Linha 202,51,Articulado,Zona Norte,Zona Sul,44,6.79
762,2023-07-30,13:16,Linha 202,95,Elétrico,Zona Leste,Zona Sul,75,6.61
763,2023-06-14,06:35,Linha 505,84,Articulado,Zona Oeste,Zona Sul,90,7.05
764,2023-05-22,08:13,Linha 404,117,Ônibus convencional,Zona Norte,Zona Sul,71,6.1
765,2023-03-07,05:30,Linha 404,91,Ônibus convencional,Zona Norte,Centro,45,6.49
766,2023-12-24,20:44,Linha 303,143,Micro-ônibus,Zona Oeste,Zona Oeste,40,5.85
767,2023-02-09,10:22,Linha 202,119,Articulado,Centro,Zona Oeste,51,6.35
768,2023-01-03,19:44,Linha 202,30,Elétrico,Zona Oeste,Zona Norte,21,3.98
769,2023-03-04,19:00,Linha 101,145,Ônibus convencional,Zona Leste,Zona Norte,41,6.12
770,2023-04-24,18:02,Linha 101,105,Micro-ônibus,Zona Leste,Centro,61,7.43
771,2023-04-17,22:39,Linha 505,92,Ônibus convencional,Zona Oeste,Centro,43,5.0
772,2023-01-04,14:37,Linha 303,148,Ônibus convencional,Zona Sul,Zona Norte,67,4.61
773,2023-03-03,15:39,Linha 101,114,Articulado,Zona Oeste,Zona Oeste,77,4.84
774,2023-08-18,13:34,Linha 101,111,Elétrico,Zona Sul,Zona Norte,21,4.91
775,2023-03-01,20:40,Linha 101,26,Articulado,Zona Leste,Zona Oeste,42,5.57
776,2023-12-11,22:54,Linha 202,72,Elétrico,Zona Leste,Zona Leste,71,5.61
777,2023-07-14,12:21,Linha 202,9,Micro-ônibus,Zona Sul,Zona Sul,23,6.58
778,2023-10-30,13:22,Linha 101,100,Elétrico,Centro,Zona Oeste,49,5.73
779,2023-04-28,22:23,Linha 101,103,Ônibus convencional,Zona Oeste,Zona Norte,42,4.89
780,2023-05-12,13:56,Linha 505,39,Articulado,Centro,Centro,16,5.72
781,2023-11-05,09:55,Linha 303,6,Micro-ônibus,Zona Norte,Zona Norte,61,6.39
782,2023-09-24,12:50,Linha 101,143,Micro-ônibus,Zona Norte,Zona Oeste,22,6.33
783,2023-04-20,08:06,Linha 404,99,Elétrico,Zona Oeste,Zona Oeste,62,5.14
784,2023-06-19,09:01,Linha 505,15,Elétrico,Zona Sul,Zona Oeste,68,4.51
785,2023-03-05,08:38,Linha 505,58,Micro-ônibus,Zona Sul,Zona Sul,35,5.57
786,2023-06-16,09:12,Linha 404,88,Ônibus convencional,Zona Norte,Zona Sul,14,5.47
787,2023-02-07,15:31,Linha 505,93,Elétrico,Zona Oeste,Zona Oeste,19,6.73
788,2023-08-12,10:05,Linha 101,138,Ônibus convencional,Zona Leste,Zona Leste,40,3.67
789,2023-10-20,11:26,Linha 202,73,Articulado,Zona Norte,Centro,29,4.62
790,2023-08-25,07:29,Linha 202,42,Micro-ônibus,Zona Leste,Zona Oeste,21,4.67
791,2023-04-05,13:29,Linha 505,137,Elétrico,Zona Norte,Zona Norte,27,4.09
792,2023-07-28,14:49,Linha 202,28,Articulado,Zona Oeste,Zona Oeste,84,5.96
793,2023-06-20,21:46,Linha 101,9,Articulado,Centro,Zona Leste,55,4.71
794,2023-03-13,13:02,Linha 202,123,Articulado,Centro,Zona Sul,43,6.33
795,2023-03-22,12:51,Linha 202,68,Ônibus convencional,Zona Norte,Centro,41,6.56
796,2023-05-02,14:49,Linha 202,76,Micro-ônibus,Zona Sul,Centro,61,7.48
797,2023-06-26,07:43,Linha 505,63,Elétrico,Zona Oeste,Zona Oeste,62,5.77
798,2023-04-02,15:26,Linha 303,49,Articulado,Centro,Zona Leste,28,4.67
799,2023-08-11,12:34,Linha 303,73,Articulado,Zona Leste,Zona Leste,59,4.0
800,2023-01-12,22:12,Linha 303,113,Articulado,Zona Norte,Zona Leste,43,6.34
801,2023-09-17,22:21,Linha 303,128,Elétrico,Zona Sul,Zona Norte,53,4.28
802,2023-05-23,06:31,Linha 303,20,Micro-ônibus,Zona Norte,Centro,16,7.27
803,2023-03-10,22:33,Linha 303,143,Articulado,Zona Oeste,Zona Norte,45,6.34
804,2023-07-05,11:17,Linha 303,109,Articulado,Zona Norte,Zona Sul,63,7.48
805,2023-11-17,17:45,Linha 202,130,Articulado,Zona Leste,Zona Leste,42,5.81
806,2023-07-04,20:55,Linha 101,77,Elétrico,Zona Oeste,Centro,13,4.49
807,2023-04-09,17:17,Linha 202,126,Micro-ônibus,Zona Leste,Centro,10,3.8
808,2023-01-18,08:32,Linha 404,125,Ônibus convencional,Zona Leste,Zona Oeste,27,5.87
809,2023-03-24,15:49,Linha 101,124,Articulado,Centro,Zona Norte,52,7.34
810,2023-10-31,17:42,Linha 303,94,Micro-ônibus,Zona Sul,Zona Norte,46,5.57
811,2023-01-10,20:49,Linha 404,78,Ônibus convencional,Zona Norte,Zona Norte,16,5.2
812,2023-03-26,16:17,Linha 101,52,Ônibus convencional,Zona Oeste,Zona Sul,30,4.22
813,2023-02-24,19:58,Linha 505,16,Ônibus convencional,Zona Oeste,Zona Sul,86,5.81
814,2023-11-27,13:32,Linha 101,142,Articulado,Zona Sul,Zona Leste,50,6.81
815,2023-08-29,13:43,Linha 202,58,Elétrico,Zona Leste,Zona Leste,70,6.34
816,2023-06-23,15:15,Linha 303,133,Micro-ônibus,Zona Sul,Zona Leste,79,3.56
817,2023-02-22,22:16,Linha 505,14,Articulado,Zona Oeste,Zona Leste,48,3.99
818,2023-03-07,15:13,Linha 505,143,Ônibus convencional,Zona Sul,Zona Leste,31,6.41
819,2023-03-11,13:58,Linha 404,23,Ônibus convencional,Zona Norte,Centro,52,6.54
820,2023-04-29,21:32,Linha 404,68,Elétrico,Zona Sul,Zona Norte,90,4.51
821,2023-11-23,05:56,Linha 505,34,Articulado,Zona Leste,Zona Sul,73,4.95
822,2023-04-27,08:09,Linha 202,148,Micro-ônibus,Zona Oeste,Centro,40,7.18
823,2023-06-14,18:15,Linha 202,61,Ônibus convencional,Centro,Zona Norte,43,7.27
824,2023-01-08,15:23,Linha 202,91,Articulado,Centro,Zona Norte,57,5.89
825,2023-12-01,10:01,Linha 505,105,Ônibus convencional,Zona Leste,Zona Oeste,29,5.24
826,2023-03-20,18:05,Linha 404,93,Articulado,Zona Norte,Zona Oeste,90,4.26
827,2023-12-15,19:50,Linha 202,18,Elétrico,Zona Sul,Zona Oeste,27,3.78
828,2023-06-16,20:11,Linha 505,51,Micro-ônibus,Zona Leste,Zona Leste,16,5.35
829,2023-10-21,12:41,Linha 404,67,Articulado,Zona Leste,Zona Leste,17,4.3
830,2023-08-03,05:36,Linha 303,74,Micro-ônibus,Zona Leste,Zona Leste,34,4.33
831,2023-05-24,05:59,Linha 303,72,Elétrico,Zona Oeste,Centro,41,5.73
832,2023-02-10,10:55,Linha 404,108,Micro-ônibus,Zona Leste,Zona Norte,16,3.78
833,2023-06-21,05:15,Linha 101,84,Elétrico,Zona Sul,Zona Norte,76,3.8
834,2023-11-19,18:31,Linha 101,28,Elétrico,Zona Norte,Zona Leste,88,6.91
835,2023-02-08,06:15,Linha 101,109,Ônibus convencional,Zona Sul,Centro,10,5.31
836,2023-08-09,16:58,Linha 202,88,Ônibus convencional,Zona Oeste,Zona Sul,29,6.04
837,2023-01-16,17:01,Linha 101,129,Elétrico,Zona Leste,Zona Oeste,60,7.35
838,2023-06-21,07:23,Linha 404,110,Ônibus convencional,Zona Norte,Zona Sul,90,3.82
839,2023-10-01,17:36,Linha 101,27,Articulado,Zona Sul,Zona Oeste,76,4.4
840,2023-03-29,11:57,Linha 505,120,Elétrico,Zona Leste,Zona Oeste,10,3.7
841,2023-03-14,06:27,Linha 404,75,Elétrico,Zona Leste,Zona Leste,79,5.47
842,2023-03-17,14:50,Linha 101,139,Articulado,Zona Norte,Zona Leste,16,6.58
843,2023-01-01,05:16,Linha 404,140,Micro-ônibus,Zona Leste,Zona Oeste,45,6.2
844,2023-10-07,17:29,Linha 303,67,Micro-ônibus,Zona Leste,Centro,52,4.82
845,2023-12-14,22:32,Linha 404,6,Micro-ônibus,Zona Norte,Zona Oeste,22,4.97
846,2023-01-12,11:14,Linha 404,92,Articulado,Zona Norte,Zona Sul,23,4.43
847,2023-05-31,16:04,Linha 404,47,Articulado,Zona Sul,Centro,34,7.34
848,2023-07-30,07:55,Linha 303,116,Elétrico,Zona Sul,Zona Sul,31,5.87
849,2023-06-08,19:17,Linha 505,72,Articulado,Zona Oeste,Zona Sul,87,6.48
850,2023-11-25,22:25,Linha 101,107,Elétrico,Zona Oeste,Zona Leste,71,5.66
851,2023-04-07,17:57,Linha 101,30,Ônibus convencional,Zona Norte,Zona Oeste,42,6.81
852,2023-03-28,09:51,Linha 505,44,Micro-ônibus,Zona Leste,Zona Leste,45,4.26
853,2023-07-22,15:39,Linha 202,81,Ônibus convencional,Zona Norte,Centro,55,4.77
854,2023-09-16,10:33,Linha 101,58,Micro-ônibus,Zona Oeste,Zona Oeste,58,5.54
855,2023-04-23,06:53,Linha 202,103,Elétrico,Centro,Zona Sul,57,3.77
856,2023-03-05,15:23,Linha 404,8,Ônibus convencional,Centro,Zona Norte,27,5.48
857,2023-07-29,11:58,Linha 202,12,Micro-ônibus,Zona Sul,Centro,40,6.56
858,2023-10-26,18:06,Linha 505,101,Elétrico,Zona Norte,Zona Norte,76,6.42
859,2023-06-06,07:50,Linha 202,38,Elétrico,Zona Leste,Zona Norte,13,4.78
860,2023-05-11,18:56,Linha 303,10,Elétrico,Zona Leste,Zona Leste,57,6.43
861,2023-09-21,12:47,Linha 505,136,Micro-ônibus,Zona Sul,Zona Norte,75,4.99
862,2023-01-24,09:54,Linha 303,12,Articulado,Zona Leste,Zona Sul,40,5.15
863,2023-11-30,08:04,Linha 202,66,Elétrico,Zona Sul,Zona Leste,10,4.38
864,2023-04-01,11:45,Linha 505,132,Articulado,Zona Sul,Zona Sul,65,5.55
865,2023-03-21,17:23,Linha 505,109,Articulado,Zona Leste,Zona Leste,16,6.75
866,2023-07-11,15:29,Linha 101,74,Ônibus convencional,Zona Leste,Centro,24,5.51
867,2023-04-29,15:08,Linha 202,88,Elétrico,Zona Leste,Centro,66,5.68
868,2023-01-16,11:55,Linha 505,48,Ônibus convencional,Centro,Zona Norte,74,5.97
869,2023-02-11,05:47,Linha 202,135,Micro-ônibus,Zona Sul,Zona Oeste,37,6.79
870,2023-03-25,08:50,Linha 202,47,Articulado,Zona Oeste,Zona Norte,40,3.93
871,2023-05-20,08:58,Linha 101,18,Elétrico,Centro,Zona Sul,70,3.61
872,2023-09-21,08:52,Linha 505,103,Ônibus convencional,Zona Oeste,Centro,88,4.53
873,2023-07-09,08:21,Linha 505,37,Micro-ônibus,Centro,Zona Sul,49,3.77
874,2023-04-24,19:55,Linha 303,83,Articulado,Zona Sul,Zona Leste,15,4.56
875,2023-07-06,11:56,Linha 101,25,Micro-ônibus,Centro,Zona Oeste,81,3.74
876,2023-07-07,11:37,Linha 202,30,Ônibus convencional,Zona Sul,Zona Leste,17,7.26
877,2023-05-03,07:14,Linha 404,15,Articulado,Zona Sul,Zona Sul,20,3.85
878,2023-02-21,08:42,Linha 303,19,Articulado,Zona Sul,Zona Norte,59,7.18
879,2023-11-12,10:07,Linha 505,14,Articulado,Zona Leste,Zona Sul,78,3.61
880,2023-10-31,10:07,Linha 303,58,Articulado,Zona Norte,Zona Oeste,41,5.44
881,2023-08-16,21:12,Linha 303,140,Micro-ônibus,Zona Oeste,Zona Oeste,37,4.41
882,2023-11-11,22:10,Linha 202,82,Elétrico,Zona Norte,Zona Oeste,39,4.08
883,2023-04-23,18:49,Linha 101,71,Articulado,Zona Norte,Centro,87,6.6
884,2023-02-09,12:48,Linha 404,88,Ônibus convencional,Zona Leste,Zona Sul,84,5.8
885,2023-10-24,13:13,Linha 303,25,Articulado,Centro,Zona Oeste,72,5.07
886,2023-02-18,10:11,Linha 404,98,Micro-ônibus,Centro,Zona Oeste,62,5.24
887,2023-12-09,18:54,Linha 505,46,Elétrico,Zona Leste,Zona Leste,26,4.17
888,2023-11-05,14:38,Linha 303,28,Articulado,Zona Oeste,Zona Oeste,45,4.97
889,2023-12-15,15:52,Linha 505,99,Micro-ônibus,Zona Leste,Zona Norte,69,4.78
890,2023-06-17,11:32,Linha 202,118,Micro-ônibus,Zona Oeste,Zona Oeste,34,4.78
891,2023-10-11,22:14,Linha 202,78,Micro-ônibus,Zona Leste,Zona Norte,84,7.0
892,2023-04-01,09:09,Linha 303,13,Articulado,Centro,Zona Norte,56,6.39
893,2023-10-31,20:46,Linha 202,32,Elétrico,Zona Sul,Zona Norte,30,6.79
894,2023-09-28,15:01,Linha 303,140,Articulado,Zona Oeste,Zona Leste,47,3.95
895,2023-09-08,17:46,Linha 202,30,Micro-ônibus,Zona Sul,Zona Norte,29,6.38
896,2023-03-18,09:24,Linha 404,67,Elétrico,Zona Norte,Centro,37,4.94
897,2023-10-28,21:41,Linha 505,43,Elétrico,Zona Leste,Centro,45,6.34
898,2023-01-18,13:46,Linha 404,131,Elétrico,Centro,Zona Leste,74,7.27
899,2023-06-02,14:04,Linha 505,146,Elétrico,Zona Leste,Centro,36,3.69
900,2023-09-07,05:27,Linha 505,18,Articulado,Zona Leste,Centro,82,6.07
901,2023-08-12,10:53,Linha 303,67,Ônibus convencional,Zona Sul,Zona Leste,21,5.5
902,2023-01-25,19:37,Linha 404,126,Ônibus convencional,Zona Sul,Zona Leste,46,5.52
903,2023-07-05,10:26,Linha 202,139,Micro-ônibus,Zona Norte,Zona Norte,47,5.66
904,2023-05-16,11:48,Linha 404,126,Ônibus convencional,Zona Oeste,Zona Norte,42,6.39
905,2023-11-05,06:21,Linha 202,108,Micro-ônibus,Centro,Zona Oeste,57,4.43
906,2023-05-25,21:38,Linha 505,132,Elétrico,Zona Sul,Zona Sul,39,5.03
907,2023-05-11,20:44,Linha 101,26,Ônibus convencional,Centro,Zona Leste,29,4.89
908,2023-11-13,06:25,Linha 202,76,Elétrico,Zona Leste,Centro,15,5.35
909,2023-09-11,22:02,Linha 303,34,Ônibus convencional,Zona Sul,Zona Leste,89,6.82
910,2023-11-17,17:42,Linha 404,150,Micro-ônibus,Zona Sul,Zona Leste,58,6.94
911,2023-07-30,05:09,Linha 404,135,Articulado,Zona Oeste,Zona Oeste,18,5.88
912,2023-02-07,05:44,Linha 505,144,Micro-ônibus,Zona Leste,Zona Norte,11,4.94
913,2023-03-26,12:26,Linha 303,139,Elétrico,Zona Norte,Zona Leste,71,5.06
914,2023-10-20,18:28,Linha 101,113,Elétrico,Centro,Centro,36,6.32
915,2023-06-23,17:17,Linha 202,102,Articulado,Centro,Zona Norte,57,6.47
916,2023-09-24,17:17,Linha 101,76,Elétrico,Zona Sul,Zona Sul,32,6.17
917,2023-10-02,08:14,Linha 101,109,Elétrico,Centro,Zona Leste,33,6.19
918,2023-08-14,05:59,Linha 404,150,Micro-ônibus,Zona Leste,Zona Oeste,73,5.1
919,2023-11-28,12:09,Linha 303,84,Articulado,Zona Norte,Zona Sul,29,6.72
920,2023-12-27,06:32,Linha 303,47,Micro-ônibus,Zona Sul,Zona Sul,47,4.66
921,2023-06-23,06:45,Linha 101,7,Articulado,Zona Sul,Centro,62,4.93
922,2023-10-14,10:13,Linha 404,46,Ônibus convencional,Zona Sul,Zona Sul,18,4.52
923,2023-02-23,09:08,Linha 202,83,Micro-ônibus,Centro,Zona Oeste,65,3.69
924,2023-09-22,21:12,Linha 101,148,Micro-ônibus,Centro,Zona Norte,74,6.42
925,2023-03-02,08:45,Linha 202,75,Ônibus convencional,Centro,Zona Leste,52,7.18
926,2023-05-25,13:23,Linha 404,31,Micro-ônibus,Zona Sul,Zona Sul,15,6.61
927,2023-04-21,16:28,Linha 101,59,Ônibus convencional,Zona Norte,Zona Leste,29,3.55
928,2023-07-31,06:38,Linha 404,63,Elétrico,Zona Oeste,Zona Norte,76,4.17
929,2023-08-05,14:13,Linha 303,79,Articulado,Zona Oeste,Zona Leste,12,6.47
930,2023-01-09,12:45,Linha 505,54,Articulado,Centro,Centro,24,4.34
931,2023-03-11,17:52,Linha 404,60,Articulado,Zona Sul,Centro,28,5.01
932,2023-01-23,20:57,Linha 303,93,Elétrico,Centro,Zona Oeste,26,4.24
933,2023-05-16,10:12,Linha 505,73,Micro-ônibus,Zona Sul,Zona Leste,74,4.98
934,2023-09-30,18:00,Linha 101,17,Articulado,Zona Norte,Centro,19,6.71
935,2023-08-09,19:46,Linha 303,68,Articulado,Zona Sul,Centro,29,5.45
936,2023-01-06,22:38,Linha 303,51,Articulado,Centro,Zona Oeste,58,7.0
937,2023-09-18,11:08,Linha 303,32,Elétrico,Zona Oeste,Zona Norte,71,4.84
938,2023-08-22,09:16,Linha 202,49,Elétrico,Zona Leste,Zona Norte,58,6.06
939,2023-01-20,08:29,Linha 303,40,Articulado,Zona Leste,Centro,86,5.55
940,2023-02-11,10:51,Linha 505,75,Elétrico,Centro,Zona Oeste,89,4.9
941,2023-03-21,22:51,Linha 202,52,Ônibus convencional,Zona Leste,Centro,64,5.7
942,2023-02-07,05:27,Linha 404,81,Micro-ônibus,Zona Leste,Zona Leste,23,4.07
943,2023-01-19,14:56,Linha 303,48,Ônibus convencional,Zona Norte,Zona Norte,29,7.04
944,2023-10-07,13:54,Linha 202,39,Ônibus convencional,Zona Leste,Centro,59,4.84
945,2023-09-02,22:34,Linha 202,109,Micro-ônibus,Zona Oeste,Zona Oeste,49,4.84
946,2023-12-14,09:04,Linha 101,18,Ônibus convencional,Zona Oeste,Zona Oeste,77,4.67
947,2023-07-01,13:52,Linha 303,44,Micro-ônibus,Zona Oeste,Zona Sul,13,4.94
948,2023-06-06,12:35,Linha 404,43,Elétrico,Zona Sul,Zona Norte,85,4.93
949,2023-10-22,13:23,Linha 101,48,Elétrico,Zona Norte,Zona Oeste,47,6.2
950,2023-04-02,05:41,Linha 101,122,Ônibus convencional,Zona Leste,Zona Sul,42,5.07
951,2023-12-11,16:58,Linha 303,102,Elétrico,Centro,Zona Sul,82,4.89
952,2023-08-03,08:56,Linha 505,12,Elétrico,Zona Oeste,Zona Sul,24,6.92
953,2023-06-16,11:21,Linha 101,55,Micro-ônibus,Zona Norte,Zona Sul,86,7.15
954,2023-10-02,15:16,Linha 505,101,Micro-ônibus,Zona Sul,Zona Norte,14,5.26
955,2023-11-09,16:16,Linha 202,104,Elétrico,Zona Norte,Zona Oeste,79,5.76
956,2023-05-04,18:12,Linha 101,7,Ônibus convencional,Zona Sul,Centro,35,4.06
957,2023-10-23,22:21,Linha 505,69,Micro-ônibus,Zona Oeste,Zona Sul,85,5.68
958,2023-11-16,09:51,Linha 101,124,Micro-ônibus,Zona Norte,Zona Oeste,54,4.36
959,2023-11-29,07:11,Linha 404,15,Elétrico,Centro,Centro,43,5.5
960,2023-11-01,13:12,Linha 101,54,Micro-ônibus,Zona Oeste,Zona Leste,42,5.22
961,2023-12-05,17:28,Linha 101,146,Elétrico,Centro,Zona Leste,41,6.6
962,2023-10-01,18:17,Linha 202,78,Elétrico,Centro,Centro,85,4.15
963,2023-01-14,20:32,Linha 202,70,Ônibus convencional,Zona Norte,Zona Oeste,39,5.78
964,2023-05-16,12:48,Linha 303,32,Micro-ônibus,Centro,Zona Norte,85,5.45
965,2023-07-16,12:45,Linha 101,113,Micro-ônibus,Zona Oeste,Zona Norte,13,7.05
966,2023-12-10,10:06,Linha 404,124,Articulado,Centro,Zona Oeste,90,6.04
967,2023-01-01,17:39,Linha 404,28,Elétrico,Zona Sul,Zona Norte,38,5.86
968,2023-09-21,12:03,Linha 202,147,Elétrico,Zona Norte,Centro,22,6.94
969,2023-07-04,22:00,Linha 505,83,Micro-ônibus,Centro,Zona Leste,64,5.0
970,2023-01-24,10:20,Linha 303,7,Ônibus convencional,Zona Oeste,Zona Norte,68,3.78
971,2023-04-14,06:22,Linha 303,11,Micro-ônibus,Zona Oeste,Zona Sul,21,3.71
972,2023-05-29,14:28,Linha 505,52,Articulado,Zona Norte,Zona Oeste,16,3.98
973,2023-06-30,12:25,Linha 303,105,Articulado,Centro,Zona Oeste,28,5.87
974,2023-07-02,21:59,Linha 202,47,Elétrico,Zona Norte,Centro,41,6.04
975,2023-07-22,15:16,Linha 404,121,Elétrico,Zona Norte,Zona Norte,12,6.41
976,2023-12-04,15:37,Linha 303,38,Elétrico,Zona Oeste,Centro,90,7.46
977,2023-01-16,09:34,Linha 404,136,Elétrico,Zona Norte,Zona Oeste,73,6.71
978,2023-02-11,12:28,Linha 404,21,Articulado,Zona Sul,Zona Oeste,34,5.79
979,2023-07-23,15:33,Linha 101,140,Elétrico,Centro,Zona Oeste,86,5.78
980,2023-02-14,07:19,Linha 202,49,Micro-ônibus,Zona Leste,Zona Norte,69,5.91
981,2023-07-11,17:36,Linha 101,142,Articulado,Zona Oeste,Zona Sul,78,4.92
982,2023-09-30,19:59,Linha 303,75,Elétrico,Centro,Zona Leste,17,7.43
983,2023-10-27,21:45,Linha 101,133,Ônibus convencional,Centro,Centro,85,6.38
984,2023-10-24,15:19,Linha 101,19,Ônibus convencional,Centro,Zona Leste,43,3.6
985,2023-03-31,07:43,Linha 505,70,Articulado,Centro,Centro,31,4.39
986,2023-06-10,17:02,Linha 303,90,Micro-ônibus,Centro,Zona Norte,23,4.95
987,2023-02-05,07:42,Linha 101,58,Articulado,Centro,Zona Oeste,32,5.65
988,2023-04-03,14:41,Linha 404,119,Elétrico,Zona Oeste,Centro,77,4.72
989,2023-07-16,11:29,Linha 505,17,Micro-ônibus,Zona Oeste,Zona Leste,86,5.36
990,2023-01-19,06:32,Linha 303,116,Elétrico,Zona Leste,Centro,36,5.11
991,2023-10-02,18:26,Linha 303,21,Elétrico,Zona Sul,Centro,37,6.68
992,2023-11-23,16:33,Linha 505,32,Micro-ônibus,Zona Norte,Zona Oeste,64,7.1
993,2023-11-22,21:08,Linha 404,55,Articulado,Zona Oeste,Zona Leste,67,5.46
994,2023-11-22,07:23,Linha 505,47,Micro-ônibus,Zona Oeste,Centro,64,4.92
995,2023-01-31,15:02,Linha 101,112,Articulado,Zona Oeste,Zona Norte,16,5.78
996,2023-06-14,06:56,Linha 404,18,Micro-ônibus,Zona Norte,Zona Sul,22,4.34
997,2023-08-08,08:39,Linha 505,72,Articulado,Zona Sul,Zona Sul,78,6.16
998,2023-03-27,17:06,Linha 303,139,Elétrico,Zona Leste,Zona Norte,11,5.94
999,2023-06-30,06:19,Linha 303,73,Articulado,Zona Leste,Zona Norte,26,5.2
1000,2023-01-28,13:11,Linha 404,38,Elétrico,Zona Norte,Zona Sul,51,6.76